SITE_ID,Year,n_30min,n_observed,n_gapfilled,observed_coverage,annual_budget_gC_m2_yr,observed_partial_sum_gC_m2,gapfilled_partial_sum_gC_m2,model_prediction_se_gC,n_training_obs,n_residual_days,daily_residual_sd_gC,gapfilled_days_equiv,residual_block_se_gC,annual_budget_sd_gC_m2_yr,annual_budget_lower95_gC_m2_yr,annual_budget_upper95_gC_m2_yr,quality_flag,n_observed_days,mean_observed_total_gC_m2_day,sd_observed_total_gC_m2_day,observed_scaled_annual_gC_m2_yr,observed_scaled_annual_se_gC_m2_yr,observed_scaled_annual_lower95_gC_m2_yr,observed_scaled_annual_upper95_gC_m2_yr,observed_FG_scaled_annual_gC_m2_yr,observed_storage_scaled_annual_gC_m2_yr,interpretable_budget,annual_budget_interpretable_gC_m2_yr,annual_budget_interpretable_lower95_gC_m2_yr,annual_budget_interpretable_upper95_gC_m2_yr,n_obs,n_fill,prop_obs_positive,prop_fill_positive,mean_obs_mgC,mean_fill_mgC,delta_prop_positive,delta_mean_mgC,observed_sign,gapfilled_sign,sign_flip,flip_direction,annual_budget_difference_gC_m2_yr
BARR,2021,17520,34,17486,0.00194063926940639,-0.1653211873721421,-1.752641387337259e-4,-0.16514592323340832,0.001352134992651,638,38,4.1796219891314574e-4,364.2916666666667,0.0079774046812301,0.00809118375063027,-0.18117990752337745,-0.14946246722090678,very low observed coverage,2,3.923038763579231e-6,5.994710124630053e-7,0.00143190914870641,1.5471985658363507e-4,0.00112865822980249,0.00173516006761034,0.0013919232800466,3.9985868659811465e-5,FALSE,NA,NA,NA,34,17486,0.6176470588235294,0.311048839071257,-0.005154827609815467,-0.009444465471429008,-0.3065982197522724,-0.004289637861613541,source,sink,TRUE,observed source -> gapfilled sink,-0.16675309652084852
BARR,2022,17520,461,17059,0.02631278538812785,-0.15295859317505262,3.541107909092299e-4,-0.1533127039659618,0.00133606396424739,638,38,4.1796219891314574e-4,355.3958333333333,0.00787940041980353,0.00799187198922508,-0.16862266227393377,-0.13729452407617146,low observed coverage,27,2.2595735629236443e-5,8.244546969878878e-5,0.0082474435046713,0.00579132288509406,-0.00310354935011307,0.01959843635945567,0.00822869202608176,1.8751478589541214e-5,FALSE,NA,NA,NA,461,17059,0.6290672451193059,0.3047658127674541,7.681362058768541e-4,-0.008987203468313639,-0.32430143235185177,-0.009755339674190493,source,sink,TRUE,observed source -> gapfilled sink,-0.1612060366797239
BARR,2023,17520,137,17383,0.00781963470319634,-0.17620380823327378,8.90401165834143e-5,-0.17629284834985717,0.00135357753916186,638,38,4.1796219891314574e-4,362.1458333333333,0.00795387482135041,0.00806822761380934,-0.19201753435634009,-0.16039008211020747,very low observed coverage,9,1.9159521132049817e-5,3.350500950547416e-5,0.00699322521319818,0.00407644282316602,-9.96602720207222e-4,0.01498305314660358,0.00687900254083354,1.1422267236464156e-4,FALSE,NA,NA,NA,137,17383,0.6861313868613139,0.2932175113616752,6.49927858273096e-4,-0.010141681433001034,-0.39291387549963874,-0.01079160929127413,source,sink,TRUE,observed source -> gapfilled sink,-0.18319703344647195
BART,2022,17520,197,17323,0.01124429223744292,0.4190752426254809,0.01033121292397151,0.4087440297015094,0.00141797831335057,372,3,0.00296510847781013,360.8958333333333,0.05632893245338041,0.05634677713795728,0.30863555943508464,0.5295149258158771,low observed coverage,3,0.00327750613542169,0.00253394174692101,1.1962897394289198,0.5339847616389228,0.14967960661663104,2.242899872241209,1.1941212421035523,0.00216849732536748,FALSE,NA,NA,NA,197,17323,0.7106598984771574,0.8522773191710443,0.05244270519782494,0.023595452848900977,0.14161742069388694,-0.028847252348923966,source,source,FALSE,same sign,-0.7772144968034389
BLAN,2023,17520,199,17321,0.01135844748858447,0.05832867113040115,-0.0016434206372052,0.05997209176760632,0.00119090311271379,611,4,0.00296510847781013,360.8541666666667,0.05632568067491309,0.05633826899822313,-0.05209433610611618,0.16875167836691848,low observed coverage,1,-0.00681564517297288,NA,-2.4877104881351015,NA,NA,NA,-2.4308879693809287,-0.05682251875417227,FALSE,NA,NA,NA,199,17321,0.6432160804020101,0.5470815772761388,-0.008258395161835175,0.0034623919962823105,-0.09613450312587124,0.011720787158117486,sink,source,TRUE,observed sink -> gapfilled source,2.5460391592655025
BLAN,2024,17568,127,17441,0.00722905282331511,0.09541664064792058,0.00181097056580901,0.0936056700821117,0.00119711945382867,611,4,0.00296510847781013,363.3541666666667,0.05652045624555088,0.05653313249053131,-0.01538829903352079,0.20622158032936191,very low observed coverage,3,0.00165161617607637,0.00710678815180256,0.6044915204439545,1.5017368152211692,-2.3389126373895373,3.5478956782774462,0.5909403895722103,0.01355113087174437,FALSE,NA,NA,NA,127,17441,0.6377952755905512,0.5663092712573821,0.014259610754401719,0.00536698985620728,-0.0714860043331691,-0.00889262089819444,source,source,FALSE,same sign,-0.5090748797960339
CLBJ,2023,17520,131,17389,0.00747716894977168,1.257672737526662,0.0065184597235699,1.2511542778030922,0.00162070690694809,258,1,0.00296510847781013,362.2708333333333,0.05643613603206387,0.05645940259255182,1.1470123084452604,1.3683331666080634,very low observed coverage,1,1.46417846996343e-5,NA,0.00534425141536651,NA,NA,NA,0.00996412614716493,-0.00461987473179841,FALSE,NA,NA,NA,131,17389,0.6412213740458015,0.9810799930990857,0.04975923453106798,0.07195090446851976,0.3398586190532842,0.02219166993745178,source,source,FALSE,same sign,1.2523284861112955
CPER,2021,17520,319,17201,0.01820776255707762,0.5756308240764609,0.00294667326193356,0.5726841508145274,7.842357075165737e-4,2308,137,0.00272437427197394,358.3541666666667,0.05157307178582132,0.05157903410369782,0.4745359172332132,0.6767257309197087,low observed coverage,15,4.5787718273665576e-4,9.738689282709578e-4,0.16712517169887936,0.09177993475416892,-0.01276350041929175,0.34701384381705047,0.16739294030258345,-2.6776860370405196e-4,FALSE,NA,NA,NA,319,17201,0.6394984326018809,0.8890762164990408,0.009237220256845027,0.03329365448604896,0.2495777838971599,0.024056434229203928,source,source,FALSE,same sign,0.4085056523775816
CPER,2022,17520,386,17134,0.02203196347031963,0.6205634664757642,0.00909378220859181,0.6114696842671717,7.933280265427551e-4,2308,137,0.00272437427197394,356.9583333333333,0.05147253207370631,0.05147864535354853,0.5196653215828091,0.7214616113687193,low observed coverage,13,7.930179339025839e-4,9.950904814928138e-4,0.2894515458744431,0.10073578157563068,0.09200941398620696,0.4868936777626792,0.2896576059463813,-2.060600719381957e-4,FALSE,NA,NA,NA,386,17134,0.6502590673575129,0.9109373176141006,0.023559021265781924,0.0356875034590389,0.26067825025658764,0.012128482193256976,source,source,FALSE,same sign,0.3311119206013211
CPER,2023,17520,963,16557,0.05496575342465754,0.5932729164002043,0.05183401240786341,0.5414389039923413,7.751303933548829e-4,2308,137,0.00272437427197394,344.9375,0.05059842237175399,0.05060435923551564,0.4940883722985937,0.692457460501815,moderate observed coverage,65,7.827794805989023e-5,0.00402624798131786,0.02857145104185993,0.18227902890988085,-0.32869544562150654,0.3858383477052264,0.02873880651214323,-1.6735547028330335e-4,TRUE,0.5932729164002043,0.4940883722985937,0.692457460501815,963,16557,0.5877466251298027,0.8978679712508305,0.05382555805593299,0.03270151017650218,0.3101213461210278,-0.021124047879430813,source,source,FALSE,same sign,0.5647014653583444
CPER,2024,17568,640,16928,0.03642987249544627,0.5917178497413674,0.00630779006939452,0.5854100596719729,7.847954485909045e-4,2308,137,0.00272437427197394,352.6666666666667,0.05116217239938633,0.05116819117890194,0.49142819503071966,0.6920075044520152,low observed coverage,44,5.657384238539391e-4,0.00108568793896726,0.2070602631305417,0.05990454313938842,0.08964735857734041,0.324473167683743,0.2070234978134104,3.67653171313014e-5,FALSE,NA,NA,NA,640,16928,0.6234375,0.9003426275992439,0.009855921983428948,0.03458235229631212,0.2769051275992439,0.02472643031288317,source,source,FALSE,same sign,0.3846575866108257
DCFS,2021,17520,926,16594,0.05285388127853881,-0.08659205747789976,0.00786909278430867,-0.09446115026220876,6.716179996320394e-4,5815,405,0.00302102311843301,345.7083333333333,0.05617058835941909,0.05617460340207786,-0.19669428014597237,0.02351016519017285,moderate observed coverage,66,3.687134894054102e-4,0.00146061024430115,0.13458042363297473,0.06562287283941141,0.00595959286772837,0.26320125439822106,0.13470487969336076,-1.2445606038605336e-4,TRUE,-0.08659205747789976,-0.19669428014597237,0.02351016519017285,926,16594,0.6328293736501079,0.35018681451126915,0.008497940371823632,-0.0056924882645660755,-0.2826425591388388,-0.014190428636389706,source,sink,TRUE,observed source -> gapfilled sink,-0.2211724811108745
DCFS,2022,17520,1817,15703,0.10371004566210046,-0.11995913615655038,-0.01403394272575138,-0.10592519343079898,6.688446633162096e-4,5815,405,0.00302102311843301,327.1458333333333,0.05464176829799437,0.05464586165406626,-0.22706502499852027,-0.01285324731458049,moderate observed coverage,132,-4.1059306474086594e-4,0.00310775896615959,-0.14986646863041606,0.09873092978904666,-0.3433790910169475,0.04364615375611538,-0.14980214832595648,-6.432030445966047e-5,TRUE,-0.11995913615655038,-0.22706502499852027,-0.01285324731458049,1817,15703,0.6053935057787562,0.3482773992230784,-0.007723688896946229,-0.006745538650627238,-0.2571161065556778,9.78150246318991e-4,sink,sink,FALSE,same sign,0.029907332473865678
DCFS,2023,17520,2260,15260,0.12899543378995434,-0.14376021014159382,-0.01669235102809395,-0.1270678591134995,6.475341042271024e-4,5815,405,0.00302102311843301,317.9166666666667,0.05386550016958683,0.05386939213445698,-0.24934421872512952,-0.03817620155805813,moderate observed coverage,153,-5.826403863542093e-4,0.00349776084485264,-0.2126637410192864,0.10321367954929708,-0.4149625529359086,-0.01036492910266415,-0.2124438768097511,-2.1986420953524813e-4,TRUE,-0.14376021014159382,-0.24934421872512952,-0.03817620155805813,2260,15260,0.5769911504424778,0.3252948885976409,-0.007385996030130067,-0.008326858395380077,-0.25169626184483695,-9.408623652500097e-4,sink,sink,FALSE,same sign,0.06890353087769258
DCFS,2024,17568,812,16756,0.04622040072859745,-0.1258561694908628,-0.03717833202107951,-0.08867783746978324,6.658034647770699e-4,5815,405,0.00302102311843301,349.0833333333333,0.05644410692397762,0.05644803363004886,-0.23649431540575855,-0.01521802357596704,low observed coverage,54,-0.00219295148617712,0.00493219871208316,-0.8026202439408291,0.24565452647719407,-1.2841031158361296,-0.3211373720455287,-0.8023757513673545,-2.444925734746725e-4,FALSE,NA,NA,NA,812,16756,0.5135467980295566,0.3657794222964908,-0.04578612317866937,-0.005292303501419416,-0.1477673757330658,0.04049381967724995,sink,sink,FALSE,same sign,0.6767640744499663
DEJU,2021,17520,147,17373,0.00839041095890411,0.21439802673165165,7.456617142595408e-4,0.21365236501739213,0.00109145353565525,956,25,0.00177667362315939,361.9375,0.03380060282771124,0.03381822027158105,0.1481143149993528,0.2806817384639505,very low observed coverage,3,1.9127959712678143e-4,4.0987150573407345e-4,0.06981705295127523,0.08637338982158446,-0.0994747910990303,0.2391088970015808,0.0696674051880958,1.496477631794322e-4,FALSE,NA,NA,NA,147,17373,0.54421768707483,0.7627928394635354,0.005072528668432242,0.012297954585701466,0.2185751523887054,0.007225425917269225,source,source,FALSE,same sign,0.14458097378037643
DEJU,2022,17520,523,16997,0.02985159817351598,0.23915187323696455,0.00943265662056497,0.2297192166163993,0.00108776399347831,956,25,0.00177667362315939,354.1041666666667,0.03343283256129186,0.03345052351723191,0.17358884714319,0.3047148993307391,low observed coverage,17,5.394209490169677e-5,0.00175061144021452,0.01968886463911932,0.15497375854458725,-0.28405970210827164,0.3234374313865103,0.019378629417461,3.102352216583222e-4,FALSE,NA,NA,NA,523,16997,0.5717017208413002,0.7765488027298935,0.018035672314655773,0.013515280144519547,0.20484708188859324,-0.004520392170136226,source,source,FALSE,same sign,0.21946300859784523
DEJU,2023,17520,274,17246,0.01563926940639269,0.2207310428831957,0.00207265259583918,0.2186583902873566,0.0010798192610352,956,25,0.00177667362315939,359.2916666666667,0.03367683173348756,0.03369413903399428,0.1546905303765669,0.28677155538982446,low observed coverage,5,0.0014233976624165,0.00240066102509015,0.5195401467820233,0.391867010741621,-0.2485191942715539,1.2875994878356003,0.5193780695450178,1.620772370057315e-4,FALSE,NA,NA,NA,274,17246,0.5583941605839416,0.7671344079786617,0.007564425532259793,0.01267878872128927,0.20874024739472008,0.005114363189029476,source,source,FALSE,same sign,-0.29880910389882764
GRSM,2021,17520,449,17071,0.02562785388127854,1.110201670762992,0.03088224646580963,1.0793194242971824,7.486544576682894e-4,2700,177,0.00505074354116081,355.6458333333333,0.0952498235068836,0.09525276563748404,0.9235062501135232,1.296897091412461,low observed coverage,33,0.00137315789474687,0.00438509474042907,0.5012026315826089,0.2786216599485067,-0.04489582191646413,1.047301085081682,0.5019918891912751,-7.892576086661002e-4,FALSE,NA,NA,NA,449,17071,0.6971046770601337,0.9871712260558843,0.06878005894389674,0.06322531921370642,0.2900665489957506,-0.005554739730190328,source,source,FALSE,same sign,0.6089990391803831
GRSM,2022,17520,1434,16086,0.08184931506849315,1.0616388341138645,0.07623835868810232,0.9854004754257624,7.259362207287823e-4,2700,177,0.00505074354116081,335.125,0.09246103075357386,0.09246388046913182,0.8804096283943659,1.2428680398333627,moderate observed coverage,101,0.00288649189678045,0.00517449501485974,1.053569542324866,0.18793174678246985,0.6852233186312252,1.421915766018507,1.053289443106325,2.8009921854075604e-4,TRUE,1.0616388341138645,0.8804096283943659,1.2428680398333627,1434,16086,0.6659693165969317,0.9802934228521696,0.053164824747630644,0.06125826653150327,0.3143241062552379,0.008093441783872626,source,source,FALSE,same sign,0.0080692917889984
GRSM,2023,17520,544,16976,0.03105022831050228,1.14209730263242,0.04467368241365404,1.0974236202187664,7.467904973060698e-4,2700,177,0.00505074354116081,353.6666666666667,0.09498442143848444,0.0949873571168842,0.9559220826833268,1.3282725225815128,low observed coverage,31,0.00415729783360596,0.00525903520151881,1.5174137092661786,0.34476097109445303,0.8416822059210507,2.1931452126113067,1.5165267579845472,8.869512816313725e-4,FALSE,NA,NA,NA,544,16976,0.7536764705882353,0.978440150801131,0.08212073973098175,0.06464559497047402,0.22476368021289572,-0.017475144760507724,source,source,FALSE,same sign,-0.37531640663375865
GRSM,2024,17568,273,17295,0.01553961748633879,1.0837413114745955,0.01357590435596539,1.0701654071186326,7.528846463642016e-4,2700,177,0.00505074354116081,360.3125,0.09587270515069712,0.09587566129213,0.895825015342021,1.2716576076071706,low observed coverage,12,0.00301878358944025,0.00712985044681942,1.1048747937351322,0.7533050566797936,-0.37160311735726337,2.581352704827528,1.1035088352177531,0.00136595851737889,FALSE,NA,NA,NA,273,17295,0.8058608058608059,0.9821335646140503,0.04972858738448859,0.061877155658781956,0.17627275875324444,0.012148568274293364,source,source,FALSE,same sign,-0.021133482260536685
HEAL,2021,17520,139,17381,0.00793378995433789,-0.06081279452330894,0.00135372820908907,-0.062166522732398,0.00116640830630104,724,21,7.339438672103066e-4,362.1041666666667,0.01396624341444077,0.01401486580201246,-0.08828193149525336,-0.03334365755136452,very low observed coverage,7,4.904033967448744e-4,5.021470847566639e-4,0.17899723981187915,0.06927472176605787,0.04321878515040572,0.3147756944733526,0.17865177851376177,3.454612981173463e-4,FALSE,NA,NA,NA,139,17381,0.6762589928057554,0.44755767792417006,0.009739051863950177,-0.003576694248455084,-0.22870131488158535,-0.013315746112405262,source,sink,TRUE,observed source -> gapfilled sink,-0.2398100343351881
HEAL,2022,17520,216,17304,0.01232876712328767,-0.03448673114088813,-7.381780329642284e-4,-0.03374855310792392,0.00117148748691647,724,21,7.339438672103066e-4,360.5,0.01393527297463997,0.01398442761823783,-0.06189620927263427,-0.00707725300914198,low observed coverage,5,3.921052592892029e-4,7.392132545416036e-4,0.14311841964055907,0.1206639693527433,-0.0933829602908178,0.3796197995719359,0.14307494853424285,4.3471106316225034e-5,FALSE,NA,NA,NA,216,17304,0.6805555555555556,0.4903490522422561,-0.0034174908933529125,-0.0019503324727186651,-0.19020650331329947,0.0014671584206342474,source,sink,TRUE,observed source -> gapfilled sink,-0.1776051507814472
HEAL,2023,17520,297,17223,0.01695205479452054,-0.05746398439456088,5.752308193152115e-4,-0.0580392152138761,0.00116401300438809,724,21,7.339438672103066e-4,358.8125,0.01390261922003789,0.01395126329232416,-0.08480846044751625,-0.03011950834160551,low observed coverage,8,-5.050175273214587e-5,3.106631679790024e-4,-0.01843313974723324,0.04009014597556978,-0.09700982585935,0.06014354636488352,-0.0187149551007026,2.818153534693601e-4,FALSE,NA,NA,NA,297,17223,0.6565656565656566,0.4534053300818673,0.0019368041054384218,-0.003369866760371364,-0.2031603264837893,-0.005306670865809786,sink,sink,FALSE,same sign,-0.03903084464732764
HEAL,2024,17568,72,17496,0.0040983606557377,-0.0510817707940627,7.971702656466045e-4,-0.05187894105970927,0.00116925699186408,724,21,7.339438672103066e-4,364.5,0.01401237050889654,0.01406106998743753,-0.07864146796944027,-0.02352207361868513,very low observed coverage,1,-2.1840396946369968e-4,NA,-0.07993585282371407,NA,NA,NA,-0.08024011106595631,3.0425824224221306e-4,FALSE,NA,NA,NA,72,17496,0.6805555555555556,0.45987654320987653,0.011071809245091728,-0.0029651886751091245,-0.22067901234567905,-0.014036997920200852,sink,sink,FALSE,same sign,0.028854082029651368
JERC,2022,17520,120,17400,0.00684931506849315,0.33921275026284237,0.0032847928252885,0.33592795743755405,0.00162725870353891,246,5,0.00188695091179855,362.5,0.03592647501540206,0.03596330877325599,0.2687246650672606,0.4097008354584241,very low observed coverage,5,4.4000417363525263e-4,0.00166948865500506,0.1606015233768672,0.27251557877868915,-0.37352901102936353,0.6947320577830979,0.16252376337956204,-0.00192224000269486,FALSE,NA,NA,NA,120,17400,0.6,0.7489655172413793,0.0273732735440709,0.01930620445043421,0.1489655172413793,-0.008067069093636688,source,source,FALSE,same sign,0.17861122688597517
JORN,2021,17520,228,17292,0.01301369863013698,0.3643426071270392,0.00603193223334423,0.3583106748936954,7.431959162543495e-4,3904,285,0.00154353260400216,360.25,0.02929663917734038,0.0293060643426785,0.30690272101538935,0.42178249323868905,low observed coverage,8,0.00212788041395692,0.00261371311713898,0.776676351094277,0.3372918041299497,0.1155844149995756,1.4377682871889783,0.7768004054777357,-1.2405438345861015e-4,FALSE,NA,NA,NA,228,17292,0.6535087719298246,0.792852185981957,0.026455843128702798,0.02072118175420396,0.13934341405213235,-0.005734661374498837,source,source,FALSE,same sign,-0.4123337439672378
JORN,2022,17520,1404,16116,0.08013698630136987,0.3970210448237364,0.0250361337130187,0.3719849111107171,7.294838477556918e-4,3904,285,0.00154353260400216,335.75,0.02828289219734505,0.02829229820517905,0.34156814034158545,0.45247394930588736,moderate observed coverage,107,8.697598303480162e-4,0.00125671400903795,0.3174623380770259,0.04434426204236264,0.23054758447399515,0.40437709168005664,0.317727680381882,-2.653423048561e-4,TRUE,0.3970210448237364,0.34156814034158545,0.45247394930588736,1404,16116,0.7200854700854701,0.803921568627451,0.017832004069101612,0.023081714514191914,0.08383609854198093,0.005249710445090303,source,source,FALSE,same sign,0.0795587067467105
JORN,2023,17520,1579,15941,0.09012557077625571,0.4181421655971244,0.03758497595287365,0.38055718964425056,7.212560053919456e-4,3904,285,0.00154353260400216,332.1041666666667,0.02812891428791352,0.02813815966338416,0.36299137265689146,0.47329295853735737,moderate observed coverage,120,0.00117830401736979,0.00153087914755074,0.43008096633997545,0.05100857005060929,0.3301041690407812,0.5300577636391697,0.4303579233884052,-2.7695704842976246e-4,TRUE,0.4181421655971244,0.36299137265689146,0.47329295853735737,1579,15941,0.7631412286257124,0.7994479643686092,0.02380302466933094,0.023872855507449397,0.03630673574289678,6.983083811845647e-5,source,source,FALSE,same sign,-0.01193880074285103
JORN,2024,17568,693,16875,0.03944672131147541,0.3854800665390624,0.00998037986802973,0.3754996866710328,7.348990449919439e-4,3904,285,0.00154353260400216,351.5625,0.02894123632504055,0.02895056539392929,0.328736958366961,0.44222317471116385,low observed coverage,50,7.279996263004743e-4,5.745672838637316e-4,0.2664478632259736,0.02973972693929617,0.20815799842495308,0.3247377280269941,0.2667389455202616,-2.9108229428805575e-4,FALSE,NA,NA,NA,693,16875,0.7200577200577201,0.7880296296296296,0.014401702551269465,0.022251833284209335,0.06797190957190957,0.00785013073293987,source,source,FALSE,same sign,0.11903220331308884
KONA,2021,17520,1376,16144,0.07853881278538813,0.35876338459611884,0.03943708333727121,0.3193263012588474,5.758324362329139e-4,14148,800,0.00422467051518742,336.3333333333333,0.07747789261148637,0.07748003243747148,0.2069025210186747,0.510624248173563,moderate observed coverage,77,0.00154123417373902,0.0040301618401428,0.5625504734147441,0.16763704178283267,0.233981871520392,0.8911190753090961,0.5629801961629307,-4.297227481866221e-4,TRUE,0.35876338459611884,0.2069025210186747,0.510624248173563,1376,16144,0.7718023255813954,0.7185951437066402,0.028660671029993597,0.019779874954091194,-0.05320718187475515,-0.008880796075902402,source,source,FALSE,same sign,-0.20378708881862523
KONA,2022,17520,5544,11976,0.31643835616438354,0.26153467889825005,0.01250773007682345,0.24902694882142792,4.966993525182554e-4,14148,800,0.00422467051518742,249.5,0.06673107462039371,0.06673292313573073,0.13073814955221782,0.39233120824428225,moderate observed coverage,316,1.428709745624726e-4,0.00470242968464961,0.0521479057153025,0.09655430306257246,-0.1370985282873395,0.24139433971794452,0.052747361424015,-5.994557087123627e-4,TRUE,0.26153467889825005,0.13073814955221782,0.39233120824428225,5544,11976,0.5867604617604618,0.7140113560454242,0.002256084068691079,0.02079383340192279,0.1272508942849624,0.018537749333231712,source,source,FALSE,same sign,0.20938677318294754
KONA,2023,17520,4256,13264,0.24292237442922376,0.3507452712352204,0.08108561826320337,0.2696596529720176,5.181719869882486e-4,14148,800,0.00422467051518742,276.3333333333333,0.07022786758690153,0.07022977921089794,0.21309490398186048,0.4883956384885803,moderate observed coverage,246,0.00102499445516242,0.00372110156351228,0.3741229761342864,0.08659580119012383,0.2043952058016437,0.5438507464669291,0.3746447749132803,-5.217987789938345e-4,TRUE,0.3507452712352204,0.21309490398186048,0.4883956384885803,4256,13264,0.7194548872180451,0.7203709288299156,0.019052071960339065,0.02033019096592412,9.160416118705328e-4,0.0012781190055850544,source,source,FALSE,same sign,-0.023377704899065987
KONA,2024,17568,2972,14596,0.1691712204007286,0.3318763760776169,0.0381325280088688,0.29374384806874726,5.477853015977795e-4,14148,800,0.00422467051518742,304.0833333333333,0.07366974258469981,0.07367177913714708,0.18747968896880865,0.4762730631864251,moderate observed coverage,161,7.319163300616543e-4,0.00426540344179825,0.26788137680256546,0.12303488351798768,0.02673300510730958,0.5090297484978213,0.26834375141639744,-4.6237461383186526e-4,TRUE,0.3318763760776169,0.18747968896880865,0.4762730631864251,2972,14596,0.6897711978465679,0.7122499314880789,0.012830594888583067,0.020124955334937404,0.022478733641510984,0.007294360446354337,source,source,FALSE,same sign,0.06399499927505142
KONZ,2021,17520,2435,15085,0.1389840182648402,0.16625517751489102,0.02905204437576246,0.13720313313912863,5.396456254570594e-4,16097,728,0.00547163024464822,314.2708333333333,0.09699934017200838,0.09700084129122837,-0.02386647141591658,0.3563768264456986,moderate observed coverage,96,3.527453385909117e-4,0.00399464768474923,0.1287520485856828,0.14881123805776778,-0.16291797800754204,0.4204220751789076,0.1290932645991863,-3.4121601350350456e-4,TRUE,0.16625517751489102,-0.02386647141591658,0.3563768264456986,2435,15085,0.7195071868583163,0.5840238647663242,0.011931024384296687,0.009095335309189828,-0.1354833220919921,-0.002835689075106859,source,source,FALSE,same sign,0.037503128929208235
KONZ,2022,17520,5774,11746,0.3295662100456621,0.13144778739778767,-0.00512598696325341,0.13657377436104132,4.8545954279202063e-4,16097,728,0.00547163024464822,244.70833333333337,0.08559356613721472,0.0855949428123732,-0.0363183005144638,0.2992138753100392,moderate observed coverage,250,-2.1498955301793113e-4,0.00681523763398264,-0.07847118685154486,0.15732721814637957,-0.3868325344184488,0.22989016071535903,-0.0781994599838912,-2.717268676536385e-4,TRUE,0.13144778739778767,-0.0363183005144638,0.2992138753100392,5774,11746,0.7166608936612401,0.5953516090584029,-8.877705166701569e-4,0.011627258161164725,-0.12130928460283719,0.012515028677834883,sink,source,TRUE,observed sink -> gapfilled source,0.20991897424933254
KONZ,2023,17520,5035,12485,0.2873858447488584,0.19719014178450495,0.03503342737074277,0.1621567144137625,4.944673307580552e-4,16097,728,0.00547163024464822,260.1041666666667,0.08824505865696913,0.0882464439811209,0.02422711158150797,0.3701531719875019,moderate observed coverage,246,8.840010061949218e-5,0.00549736786187159,0.03226603672611464,0.12793227121333256,-0.2184812148520172,0.2830132883042465,0.03254493933892303,-2.789026128084209e-4,TRUE,0.19719014178450495,0.02422711158150797,0.3701531719875019,5035,12485,0.7098311817279047,0.6327593111734081,0.00695797961683073,0.012988122900581791,-0.0770718705544966,0.006030143283751061,source,source,FALSE,same sign,0.1649241050583903
KONZ,2024,17568,2853,14715,0.16239754098360656,0.1338849756654205,0.04259122988463219,0.09129374578078936,5.332930909864146e-4,16097,728,0.00547163024464822,306.5625,0.09580237066645378,0.09580385496854237,-0.05389058007292249,0.3216605314037635,moderate observed coverage,136,0.00106334100371291,0.00492813608648629,0.3891828073589266,0.15466581101865173,0.08603781776236918,0.692327796955484,0.3895405879962078,-3.5778063728121145e-4,TRUE,0.1338849756654205,-0.05389058007292249,0.3216605314037635,2853,14715,0.7469330529267437,0.5326537546721033,0.014928576896120704,0.006204128153638429,-0.21427929825464043,-0.008724448742482276,source,source,FALSE,same sign,-0.25529783169350606
LAJA,2021,17520,1160,16360,0.06621004566210045,1.3735468289362245,0.0344549179114993,1.3390919110247248,6.724622280042115e-4,6523,511,0.00940000297784931,340.8333333333333,0.17353977185187883,0.17354107473405322,1.03340632245748,1.7136873354149686,moderate observed coverage,100,0.00132708834049594,0.00958132075481837,0.4843872442810187,0.34971820755087063,-0.20106044251868777,1.1698349310807252,0.4855595950314264,-0.00117235075040742,TRUE,1.3735468289362245,1.03340632245748,1.7136873354149686,1160,16360,0.6577586206896552,0.9394865525672371,0.029702515440947694,0.0818515838034668,0.28172793187758194,0.052149068362519105,source,source,FALSE,same sign,0.8891595846552058
LAJA,2022,17520,1454,16066,0.08299086757990867,1.4793685272113986,0.1117737767013535,1.367594750510042,6.696707445198975e-4,6523,511,0.00940000297784931,334.7083333333333,0.17197339059140154,0.17197469444778446,1.142298126093741,1.816438928329056,moderate observed coverage,122,0.00394160286677372,0.00824101212828665,1.43868504637241,0.2723287561306547,0.9049206843563268,1.9724494083884931,1.439456895410094,-7.718490376846369e-4,TRUE,1.4793685272113986,1.142298126093741,1.816438928329056,1454,16066,0.6822558459422283,0.9751027013569028,0.07687329896929414,0.08512353731545087,0.2928468554146745,0.008250238346156735,source,source,FALSE,same sign,0.04068348083898865
LAJA,2023,17520,2955,14565,0.16866438356164384,1.2650013121435149,0.00307378456729285,1.261927527576223,6.343406462532877e-4,6523,511,0.00940000297784931,303.4375,0.16374295248198115,0.16374418119607131,0.9440627169992152,1.5859399072878146,moderate observed coverage,215,0.00108288460988505,0.01079829452552504,0.39525288260804575,0.26879971459552265,-0.13159455799917869,0.9221003232152702,0.3965534079326507,-0.00130052532460456,TRUE,1.2650013121435149,0.9440627169992152,1.5859399072878146,2955,14565,0.584771573604061,0.9773429454170958,0.0010401978231110323,0.08664109355140506,0.3925713718130348,0.08560089572829403,source,source,FALSE,same sign,0.8697484295354692
LAJA,2024,17568,954,16614,0.05430327868852459,1.3901944445164576,0.05464379562010069,1.335550648896356,6.764344608462303e-4,6523,511,0.00940000297784931,346.125,0.17488174397951103,0.174883052183152,1.0474236622374795,1.7329652267954354,moderate observed coverage,74,0.00295346256025134,0.00706715921828065,1.0809672970519937,0.3006838492611373,0.49162695250016464,1.6703076416038227,1.082581859258723,-0.00161456220672938,TRUE,1.3901944445164576,1.0474236622374795,1.7329652267954354,954,16614,0.7337526205450734,0.9500421331407247,0.057278611761111875,0.08038706204985867,0.21628951259565132,0.023108450288746793,source,source,FALSE,same sign,0.3092271474644639
LENO,2022,17520,118,17402,0.00673515981735159,1.5162914308578563,0.01203631982407544,1.504255111033781,0.00145095958445107,350,4,0.00296510847781013,362.5416666666667,0.05645722789177238,0.05647586975814743,1.4055987261318874,1.6269841355838253,very low observed coverage,4,0.00127492016485017,7.49229627487363e-4,0.4653458601703146,0.13673440701644374,0.1973464224180849,0.7333452979225443,0.4654213450381788,-7.548486786421669e-5,FALSE,NA,NA,NA,118,17402,0.7627118644067796,0.9917825537294563,0.10200271037352068,0.08644150735741747,0.2290706893226767,-0.015561203016103212,source,source,FALSE,same sign,1.0509455706875417
MLBS,2021,17520,75,17445,0.00428082191780821,0.40170637548225585,-2.7294040261779177e-5,0.4017336695225178,0.00109041631959122,806,17,0.00210959043015934,363.4375,0.04021730964263136,0.0402320892154673,0.32285148061993996,0.48056127034457174,very low observed coverage,1,3.049326060156752e-4,NA,0.11130040119572145,NA,NA,NA,0.10848111803623069,0.00281928315949075,FALSE,NA,NA,NA,75,17445,0.5866666666666667,0.8758383490971625,-3.6392053682372284e-4,0.02302858524061448,0.28917168243049585,0.023392505777438205,source,source,FALSE,same sign,0.2904059742865344
MLBS,2022,17520,412,17108,0.02351598173515981,0.3683265888808341,0.01255183558668754,0.35577475329414615,0.00108110300231747,806,17,0.00210959043015934,356.4166666666667,0.03982695916500954,0.03984162973615609,0.29023699459796815,0.4464161831637,low observed coverage,9,0.00136958745677966,0.00162829615917715,0.49989942172457935,0.19810936603322024,0.1116050642994677,0.888193779149691,0.49943656661037505,4.6285511420426743e-4,FALSE,NA,NA,NA,412,17108,0.7111650485436893,0.8365676876315175,0.030465620356037747,0.020795812093415206,0.12540263908782812,-0.00966980826262254,source,source,FALSE,same sign,-0.13157283284374527
MLBS,2023,17520,211,17309,0.01204337899543379,0.3733129757019813,0.00145137371008913,0.3718616019918918,0.00108695741960589,806,17,0.00210959043015934,360.6041666666667,0.04006023724558721,0.04007498078109044,0.29476601337104397,0.4518599380329185,low observed coverage,4,0.00145188078616992,0.0017301097592811,0.5299364869520229,0.31574503106880164,-0.08892377394282835,1.148796747846874,0.5300165495222382,-8.006257021548608e-5,FALSE,NA,NA,NA,211,17309,0.6161137440758294,0.8594372869605408,0.006878548389048013,0.021483713790045267,0.24332354288471136,0.014605165400997253,source,source,FALSE,same sign,-0.1566235112500416
MLBS,2024,17568,108,17460,0.00614754098360655,0.3873186476736184,0.00418163139447681,0.3831370162791414,0.00109239882368946,806,17,0.00210959043015934,363.75,0.04023459625836306,0.04024942324137678,0.3084297781205199,0.4662075172267169,very low observed coverage,3,0.00104815273980318,0.00404661865652982,0.3836239027679644,0.8550917916598243,-1.2923560088852912,2.0596038144212203,0.38348067378423634,1.432289837282065e-4,FALSE,NA,NA,NA,108,17460,0.6851851851851852,0.8642038946162658,0.03871880920811868,0.021943700817820305,0.17901870943108056,-0.016775108390298377,source,source,FALSE,same sign,0.003694744905654024
MOAB,2021,17520,1075,16445,0.06135844748858447,0.4469540277485581,0.02463025129431396,0.4223237764542434,5.795529774450686e-4,10008,687,0.00156470667333578,342.6041666666667,0.02896204706901932,0.02896784514046145,0.3901770512732536,0.5037310042238625,moderate observed coverage,73,0.00108756363434534,0.00158824031330936,0.39696072653605047,0.06784965592689769,0.263975400919331,0.5299460521527699,0.3971810235991663,-2.2029706311581175e-4,TRUE,0.4469540277485581,0.3901770512732536,0.5037310042238625,1075,16445,0.7776744186046511,0.8425661295226513,0.022911861669129282,0.02568098367006654,0.06489171091800017,0.0027691220009372595,source,source,FALSE,same sign,0.04999330121250761
MOAB,2022,17520,3306,14214,0.1886986301369863,0.49463661858397473,0.07836129486857411,0.4162753237154012,5.480769282089786e-4,10008,687,0.00156470667333578,296.125,0.02692591507362065,0.02693149254815015,0.4418508931896004,0.547422343978349,moderate observed coverage,239,0.00114665265893563,0.0014248864926503,0.4185282205115067,0.03364140950447189,0.35259105788274175,0.4844653831402716,0.4188850229163824,-3.568024048757007e-4,TRUE,0.49463661858397473,0.4418508931896004,0.547422343978349,3306,14214,0.7852389594676346,0.8592936541438019,0.023702751018927413,0.02928628983504994,0.07405469467616732,0.005583538816122526,source,source,FALSE,same sign,0.07610839807246805
MOAB,2023,17520,4035,13485,0.2303082191780822,0.4872602933429927,0.09036116519933902,0.3968991281436566,5.350496948337434e-4,10008,687,0.00156470667333578,280.9375,0.026226346302727,0.02623180357059926,0.43584595834461815,0.5386746283413673,moderate observed coverage,250,0.00115844842814856,0.00125243138493759,0.4228336762742261,0.02891191126321798,0.3661663301983189,0.4795010223501333,0.42310247425879344,-2.687979845673715e-4,TRUE,0.4872602933429927,0.43584595834461815,0.5386746283413673,4035,13485,0.7541511771995043,0.8748238783833889,0.022394340817680106,0.029432638349548026,0.12067270118388462,0.00703829753186792,source,source,FALSE,same sign,0.06442661706876662
MOAB,2024,17568,1592,15976,0.0906193078324226,0.4931474245003997,0.04053620013712597,0.4526112243632721,5.799486076842068e-4,10008,687,0.00156470667333578,332.8333333333333,0.02854607102633193,0.02855196160385381,0.43718557975684624,0.5491092692439532,moderate observed coverage,125,0.0012158120393969,0.00198229484268119,0.444987206419266,0.06489247372815035,0.3177979579120913,0.5721764549264408,0.44526465255177367,-2.77446132507674e-4,TRUE,0.4931474245003997,0.43718557975684624,0.5491092692439532,1592,15976,0.7958542713567839,0.8494616925388082,0.02546243727206407,0.028330697569058216,0.05360742118202433,0.0028682602969941455,source,source,FALSE,same sign,0.04816021808113374
NIWO,2022,17520,94,17426,0.00536529680365296,0.8030434077470157,0.01125592886487297,0.7917874788821426,0.00188950461728954,153,2,0.00296510847781013,363.0416666666667,0.05649614602223865,0.05652773428207494,0.6922490485541488,0.9138377669398824,very low observed coverage,2,4.3919362110485146e-4,6.717717867977825e-4,0.1603056717032708,0.1733802508368982,-0.1795196199370497,0.5001309633435913,0.16006284116203126,2.4283054123945696e-4,FALSE,NA,NA,NA,94,17426,0.5957446808510638,0.9872604154711351,0.11974392409439336,0.045437132955477015,0.3915157346200713,-0.07430679113891633,source,source,FALSE,same sign,0.6427377360437448
NOGP,2021,17520,587,16933,0.03350456621004566,0.9340302616194603,0.03647418292414092,0.8975560786953196,6.110963556730821e-4,9164,569,0.00320710648945685,352.7708333333333,0.06023649813164408,0.06023959782335434,0.815960649885686,1.052099873353235,low observed coverage,38,0.00308965975297453,0.00286893795749855,1.127725809835706,0.16987216529951177,0.7947763658486628,1.460675253822749,1.1281391771349027,-4.133672991966964e-4,FALSE,NA,NA,NA,587,16933,0.8603066439522998,0.9782082324455206,0.06213659782647527,0.053006323669481006,0.11790158849322074,-0.009130274156994266,source,source,FALSE,same sign,-0.19369554821624557
NOGP,2022,17520,4553,12967,0.2598744292237443,0.9477329134472648,0.2052656536572835,0.7424672597899802,5.747264079065598e-4,9164,569,0.00320710648945685,270.1458333333333,0.05271236688667211,0.05271549993350221,0.8444105335776005,1.0510552933169293,moderate observed coverage,249,0.00197604875500621,0.00279910966765495,0.72125779557727,0.06474602418387172,0.5943555881768814,0.8481600029776586,0.7216211827571576,-3.6338717988754714e-4,TRUE,0.9477329134472648,0.8444105335776005,1.0510552933169293,4553,12967,0.774654074236767,0.9908999768643479,0.04508360502026873,0.057258213911466314,0.21624590262758092,0.012174608891197584,source,source,FALSE,same sign,0.22647511786999486
NOGP,2023,17520,2692,14828,0.15365296803652967,1.008039083344641,0.18989871287282295,0.8181403704718176,5.929225179725947e-4,9164,569,0.00320710648945685,308.9166666666667,0.05636818491895737,0.05637130323285148,0.8975513290082524,1.1185268376810302,moderate observed coverage,196,0.00336693931564595,0.00329406734053744,1.2289328502107737,0.08588104137829775,1.06060600910931,1.3972596913122373,1.2294409507898971,-5.081005791231335e-4,TRUE,1.008039083344641,0.8975513290082524,1.1185268376810302,2692,14828,0.825037147102526,0.9865794442945778,0.07054186956642768,0.0551753689285013,0.16154229719205182,-0.015366500637926377,source,source,FALSE,same sign,-0.2208937668661326
NOGP,2024,17568,1332,16236,0.07581967213114754,0.9117124307385438,0.05185075124221371,0.8598616794963286,6.069370729627739e-4,9164,569,0.00320710648945685,338.25,0.05898373683264552,0.05898685941252781,0.7960981862899893,1.0273266751870984,moderate observed coverage,86,0.00201258525897558,0.00207801320282506,0.7366062047850623,0.08201252106751887,0.5758616634927254,0.8973507460773993,0.7370388057470605,-4.3260096199821486e-4,TRUE,0.9117124307385438,0.7960981862899893,1.0273266751870984,1332,16236,0.8768768768768769,0.977950234047795,0.038926990422082405,0.05296019213453629,0.10107335717091814,0.014033201712453883,source,source,FALSE,same sign,0.17510622595348146
OAES,2021,17520,853,16667,0.04868721461187214,0.9150336523811704,0.05781971984626782,0.8572139325349026,6.056018013239268e-4,9494,588,0.00337610062510236,347.2291666666667,0.06291054990113279,0.06291346471467524,0.7917232615404071,1.038344043221934,low observed coverage,60,0.00331163368578658,0.0038489035206791,1.208746295312104,0.18136532738044928,0.8532702536464234,1.5642223369777846,1.2102090258703968,-0.00146273055829267,FALSE,NA,NA,NA,853,16667,0.7303634232121923,0.9532609347813044,0.0677839623051206,0.051431807315947875,0.22289751156911208,-0.016352154989172724,source,source,FALSE,same sign,-0.2937126429309336
OAES,2022,17520,4635,12885,0.2645547945205479,0.958258996476574,0.18075820726516584,0.7775007892114073,5.503926168861881e-4,9494,588,0.00337610062510236,268.4375,0.0553142432354437,0.05531698145002628,0.8498377128345224,1.0666802801186257,moderate observed coverage,243,0.00173751013548636,0.002502390839076,0.6341911994525233,0.05859288321819301,0.519349148344865,0.7490332505601817,0.6363404764821335,-0.00214927702961006,TRUE,0.958258996476574,0.8498377128345224,1.0666802801186257,4635,12885,0.7096008629989212,0.9758634070624758,0.03899853446929138,0.060341543594210956,0.26626254406355454,0.021343009124919578,source,source,FALSE,same sign,0.32406779702405064
OAES,2023,17520,2722,14798,0.15536529680365296,0.968013521044334,0.1553959277226562,0.8126175933216757,5.867094512616235e-4,9494,588,0.00337610062510236,308.2916666666667,0.05927837299998625,0.05928127641596205,0.8518222192690486,1.0842048228196195,moderate observed coverage,193,0.00274123089670658,0.00436009649675059,1.000549277297904,0.11455401385980282,0.7760234101326906,1.2250751444631176,1.0015917200845252,-0.00104244278662116,TRUE,0.968013521044334,0.8518222192690486,1.0842048228196195,2722,14798,0.8416605437178545,0.9604000540613596,0.05708887866372406,0.05491401495618836,0.11873951034350516,-0.002174863707535696,source,source,FALSE,same sign,-0.03253575625357008
OAES,2024,17568,1284,16284,0.07308743169398907,0.9315695447683652,0.07855186129727168,0.8530176834710952,6.107115248442656e-4,9494,588,0.00337610062510236,339.25,0.06218352116842957,0.0621865200302373,0.8096839655090999,1.0534551240276302,moderate observed coverage,92,0.00317977072444536,0.00255935999076918,1.1637960851470053,0.09766041113705318,0.972381679318381,1.3552104909756295,1.1646328912857928,-8.368061387874645e-4,TRUE,0.9315695447683652,0.8096839655090999,1.0534551240276302,1284,16284,0.793613707165109,0.9490297224269222,0.06117746206952615,0.05238379289309097,0.15541601526181315,-0.008793669176435183,source,source,FALSE,same sign,-0.2322265403786401
ONAQ,2021,17520,424,17096,0.02420091324200913,0.18835048302040355,0.00241865952277072,0.18593182349763257,8.497702101212861e-4,1741,85,0.0013613053262892,356.1666666666667,0.02569106924265775,0.02570511910575488,0.137968449573124,0.23873251646768312,low observed coverage,28,3.974745022765582e-4,0.00124415046741729,0.14507819333094374,0.08581965332648488,-0.02312832718896662,0.3132847138508541,0.14489597483480293,1.8221849614081292e-4,FALSE,NA,NA,NA,424,17096,0.53301886792452835,0.6492746841366401,0.005704385666912097,0.010875750087601438,0.11625581621211178,0.005171364420689341,source,source,FALSE,same sign,0.043272289689459814
ONAQ,2022,17520,332,17188,0.01894977168949771,0.18541382656014652,0.00435333934129973,0.1810604872188467,8.53371144918789e-4,1741,85,0.0013613053262892,358.0833333333333,0.02576010314157379,0.02577423434702765,0.13489632723997233,0.2359313258803207,low observed coverage,9,3.135355350698012e-4,7.028697067553454e-4,0.11444047030047744,0.08551581432190035,-0.05317052577044724,0.28205146637140216,0.11443028184213425,1.018845834320225e-5,FALSE,NA,NA,NA,332,17188,0.5301204819277109,0.6277635559692809,0.013112467895481136,0.010534121900095868,0.09764307404157002,-0.0025783459953852682,source,source,FALSE,same sign,0.07097335625966908
ONAQ,2023,17520,651,16869,0.03715753424657534,0.1346680908225787,2.467818623847453e-4,0.13442130896019394,8.441466034499673e-4,1741,85,0.0013613053262892,351.4375,0.02551993678008009,0.02553389427305206,0.08462165804739664,0.18471452359776075,low observed coverage,37,-1.46129730786836e-4,0.00135342291955716,-0.05333735173719513,0.08121299544043599,-0.21251482280044967,0.10584011932605938,-0.05348061727198958,1.4326553479444723e-4,FALSE,NA,NA,NA,651,16869,0.511520737327189,0.5960045053055901,3.790812018198857e-4,0.00796854045647013,0.08448376797840118,0.007589459254650245,sink,source,TRUE,observed sink -> gapfilled source,0.1880054425597738
ONAQ,2024,17568,334,17234,0.01901183970856102,0.2061222893410078,2.7817600396792754e-4,0.2058441133370398,8.546577609029289e-4,1741,85,0.0013613053262892,359.0416666666667,0.0257945508078986,0.02580870572635392,0.1555372261173541,0.2567073525646615,low observed coverage,11,1.569289590831995e-4,5.656280068246203e-4,0.05743599902445101,0.06241883347788261,-0.0649049145921989,0.1797769126411009,0.05747694858706737,-4.094956261635633e-5,FALSE,NA,NA,NA,334,17234,0.5059880239520959,0.6498201230126495,8.328622873291244e-4,0.011944070635780445,0.1438320990605536,0.01111120834845132,source,source,FALSE,same sign,0.14868629031655678
ORNL,2021,17520,388,17132,0.02214611872146119,0.5562116388696383,0.01474381477845773,0.5414678240911823,8.086612050343614e-4,1992,104,0.00433126409776034,356.9166666666667,0.08182727332411745,0.08183126903943475,0.39582235155234624,0.7166009261869304,low observed coverage,26,0.00184710954593401,0.00600605926572252,0.6741949842659164,0.429928072670599,-0.16846403816845767,1.5168540067002905,0.6746762683190582,-4.812840531416722e-4,FALSE,NA,NA,NA,388,17132,0.6726804123711341,0.8571095026850338,0.03799952262489103,0.031605639977304645,0.18442909031389976,-0.006393882647586384,source,source,FALSE,same sign,-0.11798334539627808
ORNL,2022,17520,759,16761,0.04332191780821918,0.561579586364533,0.01997361822665624,0.5416059681378756,7.969653483961345e-4,1992,104,0.00433126409776034,349.1875,0.0809364235837951,0.0809403472707033,0.4029365057139545,0.7202226670151115,low observed coverage,43,0.001097322412367,0.00284971896215644,0.4005226805139586,0.1586209946661786,0.08962553096824855,0.7114198300596687,0.3981908737985866,0.00233180671537202,FALSE,NA,NA,NA,759,16761,0.7154150197628458,0.874709146232325,0.02631570253841403,0.03231346388269657,0.15929412646947916,0.005997761344282541,source,source,FALSE,same sign,0.16105690585057436
ORNL,2023,17520,524,16996,0.02990867579908675,0.5840748859055387,0.02556680293067476,0.5585080829748631,8.026638279682439e-4,1992,104,0.00433126409776034,354.0833333333333,0.08150183896731168,0.08150579135419969,0.4243235348513073,0.7438262369597701,low observed coverage,22,0.00201635460806042,0.00462530914062521,0.7359694319420568,0.35993351608381857,0.03049974041777237,1.441439123466341,0.7331268656792562,0.00284256626280048,FALSE,NA,NA,NA,524,16996,0.6641221374045801,0.8639091550953165,0.04879160864632586,0.03286114868056374,0.19978701769073637,-0.015930459965762124,source,source,FALSE,same sign,-0.15189454603651809
ORNL,2024,17568,321,17247,0.01827185792349726,0.5328638565454717,0.00930694673416398,0.5235569098113093,8.091082310872749e-4,1992,104,0.00433126409776034,359.3125,0.08210145023363809,0.0821054370099579,0.37193720000595426,0.6937905130849893,low observed coverage,13,4.23273645568954e-4,0.00435483622711987,0.15491815427823716,0.4420600172773197,-0.7115194795853093,1.0213557881417836,0.15202368254976087,0.00289447172847621,FALSE,NA,NA,NA,321,17247,0.6822429906542056,0.8614251753928219,0.02899360353322113,0.030356404581162462,0.17918218473861636,0.0013628010479413318,source,source,FALSE,same sign,0.37794570226723456
SCBI,2021,17520,338,17182,0.01929223744292237,0.5449259675494396,0.0092018154828246,0.5357241520666152,7.896346266835787e-4,2215,136,0.00290919383718725,357.9583333333333,0.05504132721910822,0.05504699106113431,0.43703386506961633,0.6528180700292628,low observed coverage,25,0.00160811117986292,0.00292416387672177,0.5869605806499688,0.2134639630006895,0.16857121316861734,1.0053499481313204,0.5877639949376021,-8.034142876333197e-4,FALSE,NA,NA,NA,338,17182,0.6893491124260355,0.8864509370271214,0.02722430616220297,0.031179382613584966,0.19710182460108594,0.003955076451381996,source,source,FALSE,same sign,-0.04203461310052925
SCBI,2022,17520,907,16613,0.05176940639269406,0.5273686462389892,0.02471043709073906,0.5026582091482478,7.751034682377932e-4,2215,136,0.00290919383718725,346.1041666666667,0.0541222786268935,0.05412782860187139,0.4212781021793212,0.633459190298657,moderate observed coverage,54,4.121415972715044e-4,0.00172093338691084,0.1504316830040991,0.08547912044037224,-0.0171073930590305,0.3179707590672287,0.14974998413594984,6.816988681492628e-4,TRUE,0.5273686462389892,0.4212781021793212,0.633459190298657,907,16613,0.6868798235942668,0.8755793655570938,0.027244142327165464,0.030256919830750045,0.188699541962827,0.0030127775035845815,source,source,FALSE,same sign,0.37693696323489007
SCBI,2023,17520,730,16790,0.04166666666666666,0.5292499995037179,0.01913893926209843,0.5101110602416185,7.767426244095027e-4,2215,136,0.00290919383718725,349.7916666666667,0.05440983241705426,0.05441537643678029,0.4225958616876285,0.6359041373198072,low observed coverage,45,9.711466391276686e-4,0.00380758009529571,0.35446852328159906,0.20717419278950464,-0.05159289458583005,0.7605299411490282,0.35307633650803466,0.00139218677356432,FALSE,NA,NA,NA,730,16790,0.7424657534246575,0.8734365693865396,0.02621772501657321,0.030381838013199432,0.1309708159618821,0.004164112996626224,source,source,FALSE,same sign,0.17478147622211881
SCBI,2024,17568,240,17328,0.01366120218579235,0.5611085610734051,0.00388622353778602,0.5572223375356175,7.935796516216626e-4,2215,136,0.00290919383718725,361,0.05527468290655792,0.05528037933194737,0.45275901758278825,0.669458104564022,low observed coverage,12,3.628875377460148e-4,0.00170574525661178,0.13281683881504142,0.18022068440249428,-0.22041570261384735,0.4860493802439302,0.13164355253731808,0.00117328627772322,FALSE,NA,NA,NA,240,17328,0.6708333333333333,0.8981994459833795,0.01619259807410841,0.0321573371153982,0.22736611265004625,0.01596473904128979,source,source,FALSE,same sign,0.4282917222583637
SERC,2021,17520,328,17192,0.01872146118721461,0.09523254176526975,0.00267058011870077,0.09256196164656907,8.128568067899035e-4,2084,88,0.00424466247699949,358.1666666666667,0.08033147562786178,0.0803355880836015,-0.06222521087858919,0.2526902944091287,low observed coverage,8,0.00179710115858137,0.00233457473895499,0.655941922882203,0.30126983731109447,0.06545304175245781,1.2464308040119485,0.6560024562663992,-6.053338419621101e-5,FALSE,NA,NA,NA,328,17192,0.676829268292683,0.5741624011167985,0.008142012557014557,0.005384013590423989,-0.10266686717588447,-0.0027579989665905674,source,source,FALSE,same sign,-0.5607093811169332
SERC,2022,17520,894,16626,0.05102739726027397,0.1386170756217723,0.00701587906012439,0.13160119656164812,8.000637632389664e-4,2084,88,0.00424466247699949,346.375,0.07899806096943714,0.0790021122436366,-0.01622706437575541,0.29346121561930005,moderate observed coverage,42,-1.1691478850463688e-4,0.00411577481824734,-0.04267389780419246,0.2318034123829924,-0.49700858607485754,0.41166079046647264,-0.04336608621312323,6.921884089307248e-4,TRUE,0.1386170756217723,-0.01622706437575541,0.29346121561930005,894,16626,0.6364653243847874,0.6033922771562613,0.007847739440855046,0.007915385333913623,-0.03307304722852611,6.76458930585766e-5,sink,source,TRUE,observed sink -> gapfilled source,0.18129097342596476
SERC,2023,17520,704,16816,0.04018264840182648,0.14194586945310744,-0.00189680636964382,0.14384267582275134,8.020429582956697e-4,2084,88,0.00424466247699949,350.3333333333333,0.07944816901681569,0.0794522172946197,-0.01378047644434715,0.29767221535056204,low observed coverage,37,-6.032529945146473e-4,0.0050311596007252,-0.22018734299784623,0.30189790331575983,-0.8119072334967355,0.37153254750104303,-0.21984600291340592,-3.413400844403256e-4,FALSE,NA,NA,NA,704,16816,0.6264204545454546,0.6186964795432921,-0.002694327229607719,0.008553917449021828,-0.0077239750021624864,0.011248244678629546,sink,source,TRUE,observed sink -> gapfilled source,0.36213321245095365
SERC,2024,17568,158,17410,0.00899362477231329,0.0860477576671265,0.00250251388288655,0.08354524378423989,8.17189146119301e-4,2084,88,0.00424466247699949,362.7083333333333,0.08083918548251924,0.08084331578787256,-0.07240514127710371,0.2445006566113567,very low observed coverage,1,3.72550901199382e-4,NA,0.1363536298389738,NA,NA,NA,0.13461527810304758,0.00173835173592619,FALSE,NA,NA,NA,158,17410,0.6265822784810127,0.5631820792647904,0.015838695461307336,0.004798692922701885,-0.06340019921622231,-0.011040002538605452,source,source,FALSE,same sign,-0.050305872171847316
SJER,2022,17520,848,16672,0.04840182648401826,0.5695827202911716,0.02149500049154394,0.548087719799629,8.363546131863794e-4,1867,52,0.00401565257409564,347.3333333333333,0.07483923915270276,0.07484391228412926,0.4228886522142783,0.716276788368065,low observed coverage,38,0.00112755277187198,0.00216496368212087,0.41155676173327393,0.12818927210169964,0.16030578841394266,0.6628077350526052,0.41051802037508545,0.00103874135818841,FALSE,NA,NA,NA,848,16672,0.6533018867924528,0.8877159309021113,0.02534787793814144,0.03287474327013122,0.2344140441096585,0.00752686533198978,source,source,FALSE,same sign,0.1580259585578977
SJER,2023,17520,561,16959,0.03202054794520548,0.5909696625261196,0.02480529235033794,0.5661643701757828,8.368144077962412e-4,1867,52,0.00401565257409564,353.3125,0.07548065025773538,0.07548528877657992,0.4430184965240229,0.7389208285282163,low observed coverage,12,0.00422571015294169,0.00653609508836525,1.5423842058237176,0.6886849672157924,0.1925616700807644,2.892206741566671,1.5412432433330885,0.00114096249062879,FALSE,NA,NA,NA,561,16959,0.6862745098039216,0.8894982015449024,0.04421620739810683,0.03338430156116432,0.20322369174098087,-0.010831905836942511,source,source,FALSE,same sign,-0.951414543297598
SJER,2024,17568,227,17341,0.01292122040072859,0.5582434402453391,0.0070510607794647,0.5511923794658737,8.399322250431565e-4,1867,52,0.00401565257409564,361.2708333333333,0.07632601387271229,0.0763306352642249,0.4086353951274583,0.70785148536322,low observed coverage,2,1.898932107388069e-4,1.950319820013435e-4,0.06950091513040332,0.05047448794983338,-0.02942908125127009,0.16843091151207673,0.07608446849860928,-0.00658355336820596,FALSE,NA,NA,NA,227,17341,0.6519823788546255,0.8752090421544317,0.031061941759756424,0.031785501382035355,0.22322666329980623,7.235596222789319e-4,source,source,FALSE,same sign,0.48874252511493577
SOAP,2021,17520,516,17004,0.02945205479452055,0.4667190652532719,0.01009381611798945,0.4566252491352819,6.704671877221109e-4,4369,343,0.00244584847225647,354.25,0.04603461094565738,0.04603949316801663,0.37648165864395927,0.5569564718625845,low observed coverage,37,7.682487910752538e-4,0.00187706638144922,0.28041080874246765,0.11263455145854229,0.05964708788372477,0.5011745296012106,0.2781955210738134,0.0022152876686542,FALSE,NA,NA,NA,516,17004,0.6453488372093024,0.8477417078334509,0.019561659143390416,0.026853990186737373,0.20239287062414857,0.007292331043346957,source,source,FALSE,same sign,0.18630825651080424
SOAP,2022,17520,1809,15711,0.10325342465753425,0.5018156703785438,0.0391220568160977,0.4626936135624464,6.530838992654134e-4,4369,343,0.00244584847225647,327.3125,0.04424975223219225,0.04425457141572928,0.4150767104037144,0.5885546303533732,moderate observed coverage,149,9.242254247768536e-4,0.00205979110607493,0.3373422800435516,0.06159180176496995,0.2166223485842105,0.4580622115028927,0.33710249454597985,2.397854975717507e-4,TRUE,0.5018156703785438,0.4150767104037144,0.5885546303533732,1809,15711,0.6451077943615257,0.8732098529692572,0.021626344287505643,0.029450296834221016,0.22810205860773158,0.007823952546715373,source,source,FALSE,same sign,0.1644733903349922
SOAP,2023,17520,1407,16113,0.08030821917808219,0.4574674350552764,0.02369773896320915,0.43376969609206745,6.582857394526448e-4,4369,343,0.00244584847225647,335.6875,0.04481228945429236,0.0448171242523441,0.36962587152068194,0.5453089985898708,moderate observed coverage,113,8.063753652483564e-4,0.00249941904275831,0.2943270083156501,0.08582083131107066,0.12611817894595165,0.46253583768534856,0.29374989825197373,5.771100636763316e-4,TRUE,0.4574674350552764,0.36962587152068194,0.5453089985898708,1407,16113,0.6261549395877755,0.8644572705269037,0.016842742688848,0.02692048011494252,0.23830233093912823,0.01007773742609452,source,source,FALSE,same sign,0.16314042673962625
SOAP,2024,17568,637,16931,0.03625910746812386,0.43057117238381143,0.00320341449730637,0.4273677578865052,6.727874358038096e-4,4369,343,0.00244584847225647,352.7291666666667,0.04593568889386084,0.04594061554972186,0.3405275659063566,0.5206147788612663,low observed coverage,44,2.066655093799555e-4,0.00221462496445346,0.07563957643306372,0.12219542279051585,-0.1638634522363473,0.31514260510247477,0.07639805360407645,-7.584771710127216e-4,FALSE,NA,NA,NA,637,16931,0.5886970172684458,0.8397023211859902,0.005028908159036703,0.025241731609857928,0.2510053039175444,0.020212823450821225,source,source,FALSE,same sign,0.3549315959507477
SRER,2021,17520,873,16647,0.04982876712328767,0.4322333902483965,0.01645052280707497,0.4157828674413209,6.356950236460709e-4,9458,716,0.00154169984291383,346.8125,0.02871092596131673,0.02871796263176236,0.3759461834901423,0.48852059700665074,low observed coverage,73,7.759513967547347e-4,0.00131088094079756,0.28322225981547816,0.05600085833919901,0.1734605774706481,0.3929839421603082,0.2833755053306912,-1.5324551521296806e-4,FALSE,NA,NA,NA,873,16647,0.6987399770904925,0.823932240043251,0.018843668736626566,0.024976444250695215,0.12519226295275854,0.006132775514068649,source,source,FALSE,same sign,0.14901113043291836
SRER,2022,17520,3709,13811,0.21170091324200913,0.34570613218797663,0.06963042782415091,0.27607570436382556,5.687220879962025e-4,9458,716,0.00154169984291383,287.7291666666667,0.0261512090304881,0.02615739242680082,0.29443764303144704,0.39697462134450623,moderate observed coverage,279,8.612214735718225e-4,0.00154623332920197,0.3143458378537152,0.03378825733158102,0.2481208534838164,0.3805708222236141,0.3144721465063192,-1.2630865260395495e-4,TRUE,0.34570613218797663,0.29443764303144704,0.39697462134450623,3709,13811,0.706929091399299,0.7627253638404171,0.01877336959400128,0.019989552122498477,0.05579627244111807,0.001216182528497197,source,source,FALSE,same sign,0.03136029433426141
SRER,2023,17520,3304,14216,0.18858447488584476,0.4017360041346502,0.05855461114250281,0.3431813929921481,5.9200970022887e-4,9458,716,0.00154169984291383,296.1666666666667,0.02653187343185313,0.02653847741090358,0.3497205884092793,0.45375141986002127,moderate observed coverage,257,8.344433277155821e-4,0.00122844151465611,0.3045718146161875,0.02796924785903463,0.2497520888124796,0.35939154041989535,0.3047427057386759,-1.7089112248844918e-4,TRUE,0.4017360041346502,0.3497205884092793,0.45375141986002127,3304,14216,0.6825060532687651,0.8045160382667417,0.01772233993417156,0.02414050316489501,0.12200998499797655,0.006418163230723452,source,source,FALSE,same sign,0.09716418951846273
SRER,2024,17568,1572,15996,0.08948087431693989,0.3944743183737934,0.01506187248527811,0.3794124458885153,6.231212967532701e-4,9458,716,0.00154169984291383,333.25,0.02814394070985283,0.02815083797740626,0.3392986759380771,0.4496499608095096,moderate observed coverage,107,4.653401996284574e-4,6.597592253258318e-4,0.1703145130640154,0.02334396740611552,0.12456033694802898,0.21606868918000183,0.17037976950906303,-6.525644504762492e-5,TRUE,0.3944743183737934,0.3392986759380771,0.4496499608095096,1572,15996,0.6787531806615776,0.8124531132783196,0.009581343820151467,0.023719207669949685,0.13369993261674196,0.014137863849798218,source,source,FALSE,same sign,0.22415980530977797
STEI,2021,17520,122,17398,0.0069634703196347,8.198756814798274e-4,9.987194160063372e-5,7.200037398791925e-4,8.133900381727271e-4,2189,123,0.00186330638393266,362.4583333333333,0.03547425769063415,0.03548358158438512,-0.06872794422391501,0.07036769558687467,very low observed coverage,10,4.2385281051963944e-5,3.7117149010902574e-4,0.01547062758396683,0.04284177686110609,-0.06849925506380111,0.09944051023173478,0.01444426327352963,0.00102636431043722,FALSE,NA,NA,NA,122,17398,0.6475409836065574,0.4582135877687091,8.186224721363411e-4,4.138428209446506e-5,-0.18932739583784836,-7.77238190041876e-4,source,source,FALSE,same sign,-0.014650751902487004
STEI,2022,17520,1166,16354,0.06655251141552511,0.00233851662565077,-0.00610439853973639,0.0084429151653871,8.058148577624189e-4,2189,123,0.00186330638393266,340.7083333333333,0.03439344270937012,0.03440288125997175,-0.06509113064389385,0.06976816389519541,moderate observed coverage,78,-3.974704010645566e-4,0.00205178560126906,-0.14507669638856316,0.08479642460865151,-0.3112776886215201,0.02112429584439379,-0.14423430202150012,-8.423943670630605e-4,TRUE,0.00233851662565077,-0.06509113064389385,0.06976816389519541,1166,16354,0.6020583190394511,0.47560229913171087,-0.005235333224473751,5.16259946519954e-4,-0.1264560199077402,0.0057515931709937055,sink,source,TRUE,observed sink -> gapfilled source,0.14741521301421392
STEI,2023,17520,612,16908,0.03493150684931507,-0.00843176391251787,-0.0058493595360438,-0.00258240437647407,8.042554724363752e-4,2189,123,0.00186330638393266,352.25,0.03497113863133985,0.03498038541865046,-0.07699331933307278,0.06012979150803703,low observed coverage,23,-7.604557373019484e-4,0.00185862902646834,-0.27756634411521114,0.14145609397728445,-0.5548202883106886,-3.1239991973364134e-4,-0.27767980355272126,1.1345943751009514e-4,FALSE,NA,NA,NA,612,16908,0.6029411764705882,0.45268511947007334,-0.009557777019679413,-1.5273269319103776e-4,-0.15025605700051486,0.009405044326488374,sink,sink,FALSE,same sign,0.26913458020269326
STEI,2024,17568,289,17279,0.01645036429872495,0.00141338277708676,0.0031646441183661,-0.00175126134127914,8.135433718154371e-4,2189,123,0.00186330638393266,359.9791666666667,0.03535272992956859,0.03536208939373973,-0.0678963124346431,0.07072307798881665,low observed coverage,12,5.622922531612959e-4,0.00221094083081437,0.2057989646570343,0.23359717294144197,-0.25205149430819196,0.6636494236222605,0.2064524237708393,-6.534591138050665e-4,FALSE,NA,NA,NA,289,17279,0.6470588235294118,0.4636842409861682,0.010950325669086857,-1.0135200771336372e-4,-0.18337458254324362,-0.011051677676800221,source,source,FALSE,same sign,-0.20438558187994754
STER,2021,17520,718,16802,0.04098173515981735,0.5463054698222052,0.03475391210762008,0.5115515577145852,6.061540788665408e-4,8521,546,0.00263428826592875,350.0416666666667,0.049285954171359,0.04928968148962445,0.4496976941025412,0.6429132455418691,low observed coverage,53,0.00236451237362626,0.00267659114046275,0.8630470163735857,0.13419519500762042,0.6000244341586497,1.1260695985885216,0.8632331884709763,-1.861720973905931e-4,FALSE,NA,NA,NA,718,16802,0.7214484679665738,0.8855493393643614,0.04840377730866305,0.03044587297432352,0.16410087139778762,-0.01795790433433953,source,source,FALSE,same sign,-0.31674154655138054
STER,2022,17520,4176,13344,0.23835616438356164,0.5056875649521626,0.1138793844894837,0.3918081804626792,5.53689990455091e-4,8521,546,0.00263428826592875,278,0.04392236284293859,0.04392585264183591,0.4195928937741642,0.591782236130161,moderate observed coverage,260,0.00142115466900879,0.00247331739670924,0.5187214541882094,0.05598685120116579,0.4089872258339245,0.6284556825424943,0.5190369420510718,-3.154878628622972e-4,TRUE,0.5056875649521626,0.4195928937741642,0.591782236130161,4176,13344,0.7543103448275862,0.8741007194244604,0.02726996755016368,0.029362123835632574,0.11979037459687425,0.002092156285468893,source,source,FALSE,same sign,-0.013033889236046758
STER,2023,17520,1433,16087,0.08179223744292237,0.5513493545936522,0.04230835152103472,0.5090410030726191,6.05116875382354e-4,8521,546,0.00263428826592875,335.1458333333333,0.04822588537814248,0.04822968159690264,0.456819178663723,0.6458795305235814,moderate observed coverage,96,0.0013479241823024,0.00215691633278834,0.4919923265403789,0.0803508632550163,0.33450463456054697,0.6494800185202108,0.4923738680584965,-3.815415181176391e-4,TRUE,0.5513493545936522,0.456819178663723,0.6458795305235814,1433,16087,0.7543614794138171,0.9019083732206129,0.02952432067064537,0.0316430038585579,0.14754689380679575,0.0021186831879125324,source,source,FALSE,same sign,0.05935702805327331
STER,2024,17568,2194,15374,0.12488615664845172,0.43744831604986384,0.02194476781903736,0.41550354823082625,5.804618237381123e-4,8521,546,0.00263428826592875,320.2916666666667,0.04714505177861199,0.04714862503972754,0.34503701097199785,0.5298596211277298,moderate observed coverage,137,7.201637511799518e-4,0.00271899866404595,0.2635799329318624,0.08502170227614468,0.0969373964706188,0.43022246939310593,0.2637649008913209,-1.8496795945850605e-4,TRUE,0.43744831604986384,0.34503701097199785,0.5298596211277298,2194,15374,0.6841385597082954,0.8639261090152205,0.010002173117154659,0.027026378836400907,0.1797875493069251,0.017024205719246246,source,source,FALSE,same sign,0.17386838311800146
TALL,2021,17520,304,17216,0.01735159817351598,0.9139853622875732,0.0203021521522607,0.8936832101353136,8.045998676946125e-4,2168,143,0.00325243036572583,358.6666666666667,0.06159614255636337,0.06160139737677168,0.7932466234291008,1.0347241011460455,low observed coverage,17,0.00326078822903537,0.00214372530999237,1.190187703597911,0.1897743616573007,0.8182299547496016,1.5621454524462202,1.1915946893213367,-0.00140698572342559,FALSE,NA,NA,NA,304,17216,0.8651315789473685,0.9620701672862454,0.06678339523769969,0.05191003776343591,0.09693858833887692,-0.014873357474263778,source,source,FALSE,same sign,-0.2762023413103377
TALL,2022,17520,1115,16405,0.06364155251141553,0.8117006153342676,0.01154022448034915,0.8001603908539201,7.822019151601174e-4,2168,143,0.00325243036572583,341.7708333333333,0.06012782657463754,0.06013291418537579,0.6938401035309311,0.9295611271376042,moderate observed coverage,74,9.651466742949528e-4,0.00281348384972586,0.35227853611765775,0.1193772117736935,0.1182992010412185,0.586257871194097,0.35369778491748666,-0.00141924879982888,TRUE,0.8117006153342676,0.6938401035309311,0.9295611271376042,1115,16405,0.6547085201793722,0.9406278573605608,0.010349977112420758,0.04877539718707207,0.28591933718118856,0.038425420074651315,source,source,FALSE,same sign,0.4594220792166099
TALL,2023,17520,308,17212,0.01757990867579908,0.8962965199481071,0.01001047664105215,0.886286043307056,8.036663214099226e-4,2168,143,0.00325243036572583,358.5833333333333,0.06158898645496758,0.06159422969813283,0.7755718297397668,1.0170212101564475,low observed coverage,20,0.00226650828042728,0.00216105988364567,0.8272755223559586,0.17637810331970227,0.4815744398493421,1.172976604862575,0.8289960413241154,-0.00172051896815676,FALSE,NA,NA,NA,308,17212,0.6655844155844156,0.957355333488264,0.03250154753588361,0.051492333448004635,0.29177091790384835,0.018990785912121028,source,source,FALSE,same sign,0.06902099759214853
TALL,2024,17568,441,17127,0.02510245901639344,0.8773265818161258,0.0134296814135741,0.8638969004025514,8.015489715981465e-4,2168,143,0.00325243036572583,356.8125,0.06143672224724354,0.06144195082546467,0.756900358198215,0.9977528054340364,low observed coverage,32,0.00129144709460512,0.00450737286715044,0.4726696366254768,0.2916282436523976,-0.09892172093322243,1.044260994184176,0.4758103774620607,-0.00314074083658386,FALSE,NA,NA,NA,441,17127,0.7188208616780045,0.9572604659309861,0.03045279232102971,0.05044064345200872,0.2384396042529816,0.019987851130979013,source,source,FALSE,same sign,0.404656945190649
TREE,2021,17520,271,17249,0.01546803652968036,0.399519374490159,0.00556273464647482,0.3939566398436843,9.005051575687688e-4,1486,72,0.00534431583059016,359.3541666666667,0.10131026653544908,0.10131426856579748,0.20094340810119596,0.5980953408791221,low observed coverage,10,-0.00210396754110001,0.00617470029796737,-0.76794815250150406,0.7127032635831506,-2.164846549124479,0.628950244121471,-0.7669370446736269,-0.00101110782787694,FALSE,NA,NA,NA,271,17249,0.6715867158671587,0.856513421067888,0.020526696112453217,0.022839390100509203,0.1849267052007293,0.0023126939880559853,sink,source,TRUE,observed sink -> gapfilled source,1.167467526991663
TREE,2022,17520,914,16606,0.05216894977168949,0.4236103047959064,0.02093322387039971,0.4026770809255067,8.933102900717933e-4,1486,72,0.00534431583059016,345.9583333333333,0.09940403500801516,0.0994080488650142,0.22877052902047856,0.6184500805713342,moderate observed coverage,55,0.00184987850937553,0.00508366342446056,0.6752056559220702,0.25020057825539294,0.1848125225415,1.1655987893026405,0.6769545183171388,-0.00174886239506881,TRUE,0.4236103047959064,0.22877052902047856,0.6184500805713342,914,16606,0.6137855579868708,0.861435625677466,0.02290287075536077,0.02424889081810832,0.24765006769059517,0.00134602006274755,source,source,FALSE,same sign,-0.25159535112616377
TREE,2023,17520,221,17299,0.01261415525114155,0.42563096539460776,9.84810627979289e-4,0.42464615476662854,9.015620563022712e-4,1486,72,0.00534431583059016,360.3958333333333,0.10145699526647504,0.10146100089513656,0.22676740364014011,0.6244945271490754,low observed coverage,5,-5.376513309770628e-4,0.00347292560353486,-0.19624273580662793,0.5668959343121518,-1.3073587670584454,0.9148732954451896,-0.19605096710420344,-1.9176870242438036e-4,FALSE,NA,NA,NA,221,17299,0.6153846153846154,0.8594716457598706,0.0044561566876890855,0.02454743943387631,0.24408703037525514,0.020091282746187225,sink,source,TRUE,observed sink -> gapfilled source,0.6218737012012356
TREE,2024,17568,80,17488,0.00455373406193078,0.3972140031116087,6.592589822742112e-4,0.39655474412933456,9.042065794249802e-4,1486,72,0.00534431583059016,364.3333333333333,0.1020097232047458,0.10201373053588,0.19726709126128392,0.5971609149619335,very low observed coverage,2,0.00100245461332607,0.00106600394585741,0.3668983884773431,0.2758829745127856,-0.17383224156771665,0.9076290185224029,0.36647317247182254,4.252160055206488e-4,FALSE,NA,NA,NA,80,17488,0.6875,0.856072735590119,0.008240737278427638,0.02267582022697468,0.16857273559011898,0.014435082948547043,source,source,FALSE,same sign,0.03031561463426563
UKFS,2021,17520,297,17223,0.01695205479452054,-0.08237182340467882,8.305100973769275e-4,-0.08320233350205589,8.087951964607342e-4,1972,96,0.00386303117389858,358.8125,0.07317487596154115,0.07317934559461947,-0.22580334077013295,0.06105969396077536,low observed coverage,18,-4.1857646201991233e-4,0.00279882813939806,-0.152780408637268,0.24078689340386528,-0.6247227197088439,0.3191619024343079,-0.15225834984797493,-5.220587892930617e-4,FALSE,NA,NA,NA,297,17223,0.6599326599326599,0.4381350519653951,0.0027963302941983958,-0.004830885066600246,-0.22179760796726483,-0.007627215360798642,sink,sink,FALSE,same sign,0.07040858523258918
UKFS,2022,17520,621,16899,0.03544520547945205,-0.07084776877836436,0.00301301458411407,-0.0738607833624783,8.132164946068585e-4,1972,96,0.00386303117389858,352.0625,0.07248332329229928,0.07248788503303899,-0.2129240234431208,0.07122848588639207,low observed coverage,26,5.681822273903112e-4,0.0040980398408986,0.2073865129974636,0.29334748336235644,-0.367574554392755,0.7823475803876822,0.20586804305844475,0.00151846993901904,FALSE,NA,NA,NA,621,16899,0.6183574879227053,0.4358837801053317,0.004851875336737633,-0.00437071917642928,-0.1824737078173736,-0.009222594513166912,source,sink,TRUE,observed source -> gapfilled sink,-0.278234281775828
UKFS,2023,17520,644,16876,0.03675799086757991,-0.0882978659797099,0.00186157038937272,-0.09015943636908266,8.042935516291709e-4,1972,96,0.00386303117389858,351.5833333333333,0.07243398060723481,0.07243844583317936,-0.23027721981274143,0.05368148785332163,low observed coverage,30,0.00119264927122971,0.00341228429738731,0.43531698399884705,0.22739318501312983,-0.01037365862688738,0.8810076266245814,0.43427478167076566,0.00104220232808139,FALSE,NA,NA,NA,644,16876,0.6506211180124224,0.430967053804219,0.0028906372505787727,-0.005342464823956086,-0.21965406420820338,-0.00823310207453486,source,sink,TRUE,observed source -> gapfilled sink,-0.5236148499785569
UKFS,2024,17568,410,17158,0.02333788706739526,-0.07173089330788335,-0.02194296147010166,-0.04978793183778141,8.160773715697925e-4,1972,96,0.00386303117389858,357.4583333333333,0.07303666359768243,0.07304122268799598,-0.21489168977635548,0.07142990316058878,low observed coverage,22,-8.355022850510232e-4,0.00421691407160157,-0.30579383632867446,0.3290519709204367,-0.9507356993327304,0.3391480266753814,-0.3072485705568731,0.00145473422819861,FALSE,NA,NA,NA,410,17158,0.5560975609756098,0.4590278587247931,-0.05351941821976014,-0.0029017328265404548,-0.09706970225081668,0.05061768539321969,sink,sink,FALSE,same sign,0.23406294302079111
UNDE,2021,17520,264,17256,0.01506849315068493,0.16241017351557485,0.00358878753899206,0.15882138597658269,0.00100244293268326,1058,33,0.00158187111154761,359.5,0.029993043839711,0.03000979124559371,0.10359098267421118,0.22122936435693852,low observed coverage,15,4.187166716759231e-4,0.00125555507637736,0.15283158516171194,0.11832676825902258,-0.0790888806259723,0.3847520509493962,0.15262760350021445,2.03981661497501e-4,FALSE,NA,NA,NA,264,17256,0.6628787878787878,0.6863120074177098,0.013593892193151767,0.009203835534108864,0.023433219538921968,-0.004390056659042903,source,source,FALSE,same sign,0.00957858835386291
UNDE,2022,17520,427,17093,0.02437214611872146,0.1973472907666427,0.005425768027466,0.19192152273917645,0.00101358023314178,1058,33,0.00158187111154761,356.1041666666667,0.02985105073464444,0.02986825362908472,0.13880551365363666,0.25588906787964877,low observed coverage,17,-2.5539310415254263e-4,0.00152390006072557,-0.09321848301567806,0.13490401960815912,-0.3576303614476699,0.1711933954163138,-0.09101077621612153,-0.00220770679955651,FALSE,NA,NA,NA,427,17093,0.6182669789227166,0.7029778271807172,0.01270671669195787,0.01122807715083227,0.08471084825800057,-0.0014786395411255995,sink,source,TRUE,observed sink -> gapfilled source,0.29056577378232074
UNDE,2023,17520,255,17265,0.01455479452054794,0.1828880334954367,0.00158795675001164,0.18130007674542503,0.00100461640419588,1058,33,0.00158187111154761,359.6875,0.03000086437189546,0.03001768007658896,0.12405338054532232,0.24172268644555103,low observed coverage,1,-0.00267931896414122,NA,-0.9779514219115476,NA,NA,NA,-0.9791312695583482,0.00117984764680032,FALSE,NA,NA,NA,255,17265,0.6509803921568628,0.6995076744859542,0.006227281372594682,0.010501018056497122,0.048527282329091426,0.00427373668390244,sink,source,TRUE,observed sink -> gapfilled source,1.1608394554069843
WOOD,2021,17520,1741,15779,0.09937214611872146,0.25245558391295675,0.02752646056095411,0.2249291233520027,6.086450383345833e-4,9923,627,0.00317408617286882,328.7291666666667,0.05754900676715031,0.05755222522777205,0.13965322246652354,0.36525794535938994,moderate observed coverage,96,7.453310302689444e-4,0.00155072121061719,0.2720458260481647,0.05776848459387267,0.15881959624417424,0.3852720558521551,0.27213762984383033,-9.18037956656158e-5,TRUE,0.25245558391295675,0.13965322246652354,0.36525794535938994,1741,15779,0.713957495692131,0.7459915077001077,0.015810718300375726,0.014254966940363909,0.03203401200797673,-0.0015557513600118165,source,source,FALSE,same sign,-0.019590242135207936
WOOD,2022,17520,3051,14469,0.17414383561643837,0.22809240340209647,0.03702228165103016,0.1910701217510665,5.990165621605898e-4,9923,627,0.00317408617286882,301.4375,0.05510834299766922,0.05511159849605618,0.12007367034982636,0.3361111364543666,moderate observed coverage,215,6.227896056702184e-4,0.0045762897299173,0.2273182060696297,0.113916634742687,0.00404160197396319,0.45059481016529623,0.22769777476272685,-3.79568693097199e-4,TRUE,0.22809240340209647,0.12007367034982636,0.3361111364543666,3051,14469,0.6473287446738775,0.7198838896952104,0.012134474484113478,0.013205482186126676,0.07255514502133298,0.0010710077020131981,source,source,FALSE,same sign,7.741973324667528e-4
WOOD,2023,17520,3033,14487,0.1731164383561644,0.22706793491497804,0.02182329857662075,0.20524463633835752,5.920646619285522e-4,9923,627,0.00317408617286882,301.8125,0.0551426108067623,0.05514578920597621,0.11898218807126464,0.3351536817586914,moderate observed coverage,194,2.7689814279609264e-4,0.002628701317628,0.10106782212057382,0.06888636085094829,-0.03394944514728483,0.23608508938843248,0.10142244915383736,-3.546270332635804e-4,TRUE,0.22706793491497804,0.11898218807126464,0.3351536817586914,3033,14487,0.609297725024728,0.7460481811279078,0.007195284726877941,0.014167504406596084,0.13675045610317982,0.006972219679718143,source,source,FALSE,same sign,0.1260001127944042
WOOD,2024,17568,2098,15470,0.1194216757741348,0.20272124669784353,0.02728876833850322,0.1754324783593406,5.99854611103684e-4,9923,627,0.00317408617286882,322.2916666666667,0.05698272989785484,0.05698588713152005,0.09102890792006424,0.3144135854756228,moderate observed coverage,122,7.279603912693709e-4,0.00234386252973778,0.26643350320458975,0.07766642344683491,0.11420731324879332,0.4186596931603862,0.2666300851581256,-1.965819535357848e-4,TRUE,0.20272124669784353,0.09102890792006424,0.3144135854756228,2098,15470,0.6959008579599618,0.7003878474466709,0.013007039246188368,0.011340173132471904,0.004486989486709114,-0.0016668661137164646,source,source,FALSE,same sign,-0.06371225650674622
WREF,2022,17520,154,17366,0.00878995433789954,0.27771455627689884,0.00441341828310476,0.2733011379937938,0.00147608981857277,334,2,0.00296510847781013,361.7916666666667,0.05639880034193667,0.05641811341370899,0.16713505398602924,0.3882940585677685,very low observed coverage,2,0.00228937098797199,0.00416235284721308,0.8356204106097778,1.074278192243759,-1.2699648461879898,2.9412056674075453,0.8407389652057686,-0.00511855459599044,FALSE,NA,NA,NA,154,17366,0.6103896103896104,0.7720833813198203,0.028658560279901078,0.01573771380823416,0.16169377093020998,-0.012920846471666917,source,source,FALSE,same sign,-0.557905854332879
YELL,2021,17520,217,17303,0.01238584474885844,0.3958089586087693,0.00536882151060455,0.39044013709816455,9.163637713603248e-4,1460,67,0.00312894120557052,360.4791666666667,0.05940698171900232,0.05941404883967544,0.27935742288300547,0.5122604943345331,low observed coverage,6,0.00267071967490676,0.00432230681006582,0.9748126813409674,0.6440696436154352,-0.2875638201452855,2.2371891828272203,0.9755207986263686,-7.081172854012785e-4,FALSE,NA,NA,NA,217,17303,0.7142857142857143,0.8694446049817951,0.024741112952094697,0.022564881066760908,0.1551588906960808,-0.0021762318853337896,source,source,FALSE,same sign,-0.5790037227321981
YELL,2022,17520,548,16972,0.03127853881278539,0.3917893019200538,0.00975046663946531,0.3820388352805884,9.080988697172304e-4,1460,67,0.00312894120557052,353.5833333333333,0.05883602115709131,0.05884302872180254,0.2764569656253208,0.5071216382147867,low observed coverage,17,-1.1098631453694328e-4,0.00340530865410281,-0.04051000480598429,0.3014566619455283,-0.6313650622192197,0.5503450526072511,-0.04029897820425805,-2.110266017262534e-4,FALSE,NA,NA,NA,548,16972,0.6441605839416058,0.8661913740278105,0.01779282233479072,0.02250994787182337,0.22203079008620474,0.00471712553703265,sink,source,TRUE,observed sink -> gapfilled source,0.43229930672603806
YELL,2023,17520,111,17409,0.00633561643835616,0.38348264479581134,-2.678270435257789e-4,0.3837504718393371,9.185945217355908e-4,1460,67,0.00312894120557052,362.6875,0.05958867059534214,0.05959575051306557,0.26667497379020283,0.5002903158014198,very low observed coverage,4,0.00215615247723716,0.00290546486150528,0.7869956541915659,0.5302473372247153,-0.25228912676887605,1.826280435152008,0.787305106523203,-3.0945233163715723e-4,FALSE,NA,NA,NA,111,17409,0.7117117117117117,0.8597851685909587,-0.002412856247979992,0.022043223151205507,0.148073456879247,0.0244560793991855,source,source,FALSE,same sign,-0.4035130093957546
YELL,2024,17568,584,16984,0.03324225865209471,0.4251506537936991,0.02392063037528084,0.40123002341841824,9.089450917661856e-4,1460,67,0.00312894120557052,353.8333333333333,0.05885681739496858,0.05886383554479373,0.30977753612590336,0.5405237714614948,low observed coverage,40,0.00229271985622666,0.0024141576163622,0.8391354673789608,0.13970653157976,0.5653106654826312,1.1129602692752905,0.8394526383862664,-3.1717100730545105e-4,FALSE,NA,NA,NA,584,16984,0.6712328767123288,0.8688177107866227,0.0409599835193165,0.023624000436788556,0.19758483407429395,-0.017335983082527942,source,source,FALSE,same sign,-0.41398481358526174
