SITE_ID,Approach,tower_order,n,prop_FG_opposite_dConc,prop_FG_same_as_dConc,median_FG,median_dConc,prop_positive_FG,prop_negative_dConc
BARR,AE,A above B,3149,1,0,0.06002176747943673,-0.021881072017477354,0.9806287710384249,0.9806287710384249
BARR,MBR,A above B,4262,0.6858282496480526,0.31417175035194744,0.0015773438787734522,-0.03394722105438064,0.6895823557015486,0.986391365556077
BARR,WP,A above B,3149,1,0,0.05125870696164432,-0.0220007699037037,0.9806287710384249,0.9806287710384249
BONA,AE,A above B,1730,1,0,0.002071041530514977,-0.004323016567721827,0.7023121387283237,0.7023121387283237
BONA,MBR,A above B,3313,0.5575007546030788,0.4424992453969212,-6.7891699358329e-6,-0.011637724820569684,0.4998490793842439,0.8511922728644733
BONA,WP,A above B,1725,1,0,0.00737471790290328,-0.004286767307691841,0.6991304347826087,0.6991304347826087
DCFS,AE,A above B,6693,1,0,-0.005877281818235677,0.0023591931542283895,0.4669057223965337,0.4669057223965337
DCFS,MBR,A above B,6007,0.7799234226735475,0.22007657732645247,0.002552168659210091,0.0020008435143288317,0.6031296820376227,0.4942567005160646
DCFS,WP,A above B,6172,1,0,-0.006083645381557978,0.0024225691506221114,0.46289695398574204,0.46289695398574204
DEJU,AE,A above B,2509,1,0,-7.470105989813688e-4,0.004026628368421159,0.15942606616181745,0.15942606616181745
DEJU,MBR,A above B,3904,0.8404200819672131,0.15957991803278687,-7.74315915533896e-4,0.006003991309524004,0.20799180327868852,0.10835040983606557
DEJU,WP,A above B,2463,1,0,-0.007395963127319303,0.003999974339622403,0.1550954120990662,0.1550954120990662
GRSM,AE,A above B,11538,1,0,-1.4669062104471456e-4,0.0072363994536854825,0.25983706014907265,0.25983706014907265
GRSM,MBR,A above B,11758,0.8340704201394795,0.1659295798605205,-0.003769018811825839,0.011504133708791109,0.27674774621534276,0.1628678346657595
GRSM,WP,A above B,10755,1,0,-0.008991029816898725,0.007012005771759977,0.2667596466759647,0.2667596466759647
JORN,AE,A above B,2688,1,0,-0.003772828374792227,0.0026632941184059344,0.3854166666666667,0.3854166666666667
JORN,MBR,A above B,2949,0.7171922685656155,0.28280773143438453,-6.355396702617118e-4,0.0031855085423728724,0.4499830451000339,0.3557138012885724
JORN,WP,A above B,2684,1,0,-0.005249778667662162,0.002667303353174777,0.3848733233979136,0.3848733233979136
KONZ,AE,A above B,13081,1,0,-0.00635030491246808,0.0026228203178964016,0.4706062227658436,0.4706062227658436
KONZ,MBR,A above B,10517,0.8384520300465912,0.16154796995340875,0.004058133803396913,-0.00351430626037752,0.6577921460492536,0.5860036131976799
KONZ,WP,A above B,12924,1,0,-0.006929514013248096,0.0026051955635560953,0.47175796966883315,0.47175796966883315
LENO,AE,A above B,13181,1,0,1.9521753736706873e-4,-0.009068295977358698,0.7104923753888173,0.7104923753888173
LENO,MBR,A above B,12555,0.8254082039028275,0.17459179609717243,0.004366326987227687,-0.017390784103313628,0.7502986857825568,0.8200716845878137
LENO,WP,A above B,13093,1,0,0.0089412056331741,-0.009081830575757621,0.7115252424959903,0.7115252424959903
MOAB,AE,A above B,7820,1,0,-0.004922364857218337,0.003531356795625107,0.359462915601023,0.359462915601023
MOAB,MBR,A above B,6383,0.8091806360645465,0.19081936393545354,-8.225789053460529e-4,0.004660353962264052,0.37474541751527496,0.29484568384772053
MOAB,WP,A above B,7763,1,0,-0.006877151138487477,0.0035208406250000213,0.36094293443256475,0.36094293443256475
NIWO,AE,A above B,2368,1,0,-0.005610942051270611,0.0026804820935009133,0.36951013513513514,0.36951013513513514
NIWO,MBR,A above B,1855,0.81455525606469,0.18544474393530996,-2.606828778180372e-4,0.0032370094962961282,0.3978436657681941,0.34932614555256064
NIWO,WP,A above B,2352,1,0,-0.006637356888684914,0.0027088629714122625,0.36607142857142855,0.36607142857142855
NOGP,AE,A above B,8537,1,0,-0.004502550170511859,0.002434837173912463,0.45964624575377766,0.45964624575377766
NOGP,MBR,A above B,7233,0.799115166597539,0.20088483340246094,0.0018057243196597738,-0.0022060182069676415,0.5816397068989354,0.5159684778100373
NOGP,WP,A above B,8522,1,0,-0.005575259112458278,0.0024405504173208303,0.45822576859892045,0.45822576859892045
OAES,AE,A above B,13365,1,0,0.004464861054159298,-0.0024734056764250667,0.5046015712682379,0.5046015712682379
OAES,MBR,A above B,7724,0.7866390471258415,0.21336095287415846,0.006895254806752918,-0.006060557132552602,0.6126359399274987,0.5660279647850854
OAES,WP,A above B,13341,1,0,0.0059785247350933775,-0.0025687284697224477,0.5061089873322839,0.5061089873322839
ONAQ,AE,A above B,5367,1,0,-0.005302178662175304,0.0047774673901099796,0.2189305012111049,0.2189305012111049
ONAQ,MBR,A above B,6452,0.6966831990080595,0.30331680099194047,-9.245050600982226e-4,0.007809861973992249,0.3600433973961562,0.13205207687538748
ONAQ,WP,A above B,5357,1,0,-0.009126974283934284,0.004755359836157824,0.21747246593242486,0.21747246593242486
RMNP,AE,A above B,3198,1,0,-1.4510936960355383e-4,0.0033249946722760937,0.43871169480925576,0.43871169480925576
RMNP,MBR,A above B,2765,0.7909584086799276,0.20904159132007233,-7.533715395766302e-4,0.005130958214285775,0.42929475587703436,0.3685352622061483
RMNP,WP,A above B,3172,1,0,-0.0052107006081154586,0.0033383647026683505,0.4394703656998739,0.4394703656998739
SCBI,AE,A above B,16082,1,0,-9.94623880016428e-5,0.0027459535401685997,0.4432284541723666,0.4432284541723666
SCBI,MBR,A above B,7956,0.7438411261940674,0.2561588738059326,0.005691532192909479,-0.002488918296485343,0.6495726495726496,0.5206133735545501
SCBI,WP,A above B,16089,1,0,-0.004075901380098599,0.002742330850840524,0.4427248430604761,0.4427248430604761
STER,AE,A above B,8645,1,0,-0.003406024064594791,0.002367142857143012,0.48837478311162524,0.48837478311162524
STER,MBR,A above B,7532,0.7716409984067977,0.22835900159320233,0.0033476998882259737,-0.0038341630626957945,0.6360860329261816,0.5590812533191716
STER,WP,A above B,8661,1,0,-0.003994495743687045,0.0023929985849058255,0.4881653388754185,0.4881653388754185
