SITE_ID,n_months,prop_source_months,prop_sink_months,prop_source_gradient_months,mean_CH4_mgC_30min,median_CH4_mgC_30min,sd_monthly_CH4,mean_gradient_mgC_30min,median_gradient_mgC_30min,mean_storage_mgC_30min,median_storage_mgC_30min,median_storage_abs_fraction,sign_changes,CH4_behavior,CH4_gradient_behavior,behavior_changed_from_gradient,MAP,MAT,acidity,carbonTot,nitrogenTot,sulfurTot,clayTotal,sandTotal,bulkDensOvenDry,LAI.mean,canopyHeight_m,EcoType
BARR,11,0.5454545454545454,0.4545454545454546,0.6363636363636364,0.01024071459361366,2.7815976029462954e-5,0.03950301258241174,0.010237917848038805,1.8715937621693424e-5,2.7967455748535244e-6,5.139684704584044e-6,0.09042521347492474,5,Fluctuating,Fluctuating,FALSE,110,-12,43,1.99,10.0283333333333,1.99,24.2275,38.3475,1.51297115384615,0.371703473886533,0.3,Wetland
BART,32,0.71875,0.28125,0.71875,0.02420082154977463,0.016211096278614646,0.12020935278113316,0.024146333223639457,0.016079745895023173,5.448832613517934e-5,3.6386622080695726e-5,0.050752450004897615,12,Fluctuating,Fluctuating,FALSE,1246,5.6,60.3684210526316,0.496052631578947,4.20394736842105,0.496052631578947,3.13333333333333,67.62,1.1358620689655201,2.03997081622457,20,Forest
BLAN,27,0.4444444444444444,0.5555555555555556,0.48148148148148145,0.004380146135928381,-0.001632364079304312,0.08216403611413131,0.005027672836240874,-3.238576695377756e-4,-6.475267003124915e-4,-4.0622378344223415e-5,0.005879055042823321,13,Fluctuating,Fluctuating,FALSE,982.55,12.1,7.775,0.0433333333333333,0.97,0.0433333333333333,26.1083333333333,27.8,1.54510204081633,1.59982944694717,4,Forest
BONA,29,0.5172413793103449,0.48275862068965514,0.5172413793103449,-0.01153580320277314,1.2858301756456247e-4,0.06530625087062422,-0.011566222761523876,8.942611333583964e-5,3.0419558750738967e-5,3.892597313140114e-5,0.004910625780502369,16,Fluctuating,Fluctuating,FALSE,275,-2,62.05,0.42027027027027,6.53648648648649,0.42027027027027,8.57924528301887,34.0849056603774,1.51297115384615,0.682728736903336,6.4,Forest
CLBJ,32,0.71875,0.28125,0.71875,0.08877216627307889,0.023117715430366996,0.3529455861855127,0.08968627216974155,0.023222698875418356,-9.141058966626565e-4,-2.595894395730698e-4,0.04643960615402368,14,Fluctuating,Fluctuating,FALSE,925.61,17.5,3.70909090909091,0.0223880597014925,0.492537313432836,0.0223880597014925,16.7686567164179,62.1388059701493,1.64404255319149,1.49708422699265,16,Grassland
CPER,31,0.7419354838709677,0.25806451612903225,0.7419354838709677,0.028398050162155387,0.010614202372105601,0.07112905522705136,0.028395692115090725,0.010629207275524206,2.358047064661743e-6,1.3082525457987541e-6,0.018427311045874393,8,Fluctuating,Fluctuating,FALSE,320,8.6,1.72631578947368,0.192105263157895,0.746052631578947,0.192105263157895,19.4315789473684,64.3157894736842,1.55026666666667,0.35214216262916,0.3,Grassland
DCFS,35,0.6285714285714286,0.37142857142857144,0.6285714285714286,-0.002437574550393556,0.0017681574747432905,0.03224030474848142,-0.0024326745901732823,0.0017734744845606595,-4.8999602202753965e-6,-5.48540755482742e-6,0.0025709923690433994,15,Fluctuating,Fluctuating,FALSE,489.74,4.9,10.0529411764706,0.189655172413793,1.91896551724138,0.189655172413793,24.4965517241379,44.4396551724138,1.43106382978723,1.02028354835506,1,Grassland
DEJU,29,0.5517241379310345,0.4482758620689655,0.5517241379310345,0.003299780236767188,0.004669498499489968,0.03954391457218558,0.0032995333728162626,0.0046858944637878305,2.468639509248584e-7,2.5733302697669173e-7,0.005697854639175518,11,Fluctuating,Fluctuating,FALSE,300,-2,14.2513513513514,0.166216216216216,1.92027027027027,0.166216216216216,7.69444444444444,52.6791666666667,1.225,0.541847752310892,6.1,Forest
DSNY,22,0.6818181818181818,0.31818181818181823,0.6818181818181818,0.023793091901065523,0.014538838297666425,0.11671085005249873,0.023766528345490475,0.014650006876403705,2.6563555575041707e-5,3.419244145928417e-5,0.0038886267798714973,10,Fluctuating,Fluctuating,FALSE,1216.09,22.5,10.5814285714286,0.0485714285714286,0.578571428571429,0.0485714285714286,1.17,95.3685714285714,1.51297115384615,0.84217468373772,2,Cropland
GRSM,32,0.875,0.125,0.875,0.06976494214245374,0.04792197953516612,0.08519698448912166,0.0696830479938396,0.047796596292634316,8.189414861413457e-5,3.308875802203699e-5,0.006646724858954186,7,Consistent source,Consistent source,FALSE,1375,13.1,40.2038461538462,0.257692307692308,3.74230769230769,0.257692307692308,20.62,42.3022222222222,1.26225806451613,2.08767388481439,31,Forest
HEAL,34,0.5294117647058824,0.47058823529411764,0.5,0.0022306909657398024,2.0846922614940408e-4,0.015583789814071018,0.002234413446741963,1.982357127605154e-4,-3.7224810021599404e-6,9.848547783848575e-6,0.027992451987678843,17,Fluctuating,Fluctuating,FALSE,320,-4,60.5527272727273,0.383636363636364,9.10909090909091,0.383636363636364,15.7466666666667,31.9266666666667,1.51297115384615,1.69196784974012,0.3,Shrubland
JERC,31,0.6451612903225806,0.3548387096774194,0.6451612903225806,-0.0174771990129113,0.034043466966414485,0.3438180501678045,-0.017658737144919393,0.03382666646383481,1.815381320080944e-4,2.3081791414990894e-6,0.006380457526103578,13,Fluctuating,Fluctuating,FALSE,1307.97,19.2,4.82233009708738,0.0242718446601942,0.422330097087379,0.0242718446601942,11.2427184466019,76.6533980582524,1.51297115384615,1.4271596851054,22,Forest
JORN,23,1,0,1,0.019392962782781707,0.012426479073657303,0.019036621973682527,0.01939479531067145,0.012440847778728096,-1.8325278897441236e-6,-2.5864970272667985e-6,0.005037992441486214,0,Consistent source,Consistent source,FALSE,271.33,15.7,0.806451612903226,0,0.440425531914894,0,9.02553191489362,84.3468085106383,1.57823529411765,0.283462724907497,1,Shrubland
KONA,35,0.8285714285714286,0.17142857142857137,0.8285714285714286,0.01716634052574209,0.018121530122469514,0.02333365746887384,0.01717810363289352,0.018134627632016873,-1.1763107151424905e-5,-1.2323464285006456e-5,0.002467854133420522,6,Consistent source,Consistent source,FALSE,850.63,12.7,6.04117647058824,0.162222222222222,1.32,0.162222222222222,37.48,7.96666666666667,1.66973333333333,1.02028354835506,1.5,Grassland
KONZ,35,0.7714285714285715,0.22857142857142854,0.7714285714285715,0.015033459979535218,0.01807786150142914,0.03215061306440013,0.015037738954370473,0.018078223683338345,-4.278974835254862e-6,-4.405069729844563e-6,0.0012894722646246593,6,Consistent source,Consistent source,FALSE,870.38,12.4,12.9,0.234,2.166,0.234,39.314,10.354,1.64342857142857,1.86788222241987,1,Grassland
LAJA,33,0.7878787878787878,0.21212121212121215,0.7878787878787878,0.09082387677187384,0.09911072330247116,0.13843641489535524,0.09088767662408312,0.09945173280620888,-6.379985220926982e-5,-6.356588003519659e-5,5.029131120287032e-4,14,Consistent source,Consistent source,FALSE,1168,25,7.51129032258064,1.18961038961039,1.48571428571429,1.18961038961039,48.6324675324675,22.5324675324675,1.77082191780822,1.02028354835506,1,Grassland
LENO,28,0.8214285714285714,0.1785714285714286,0.8214285714285714,0.09344847904952144,0.06285337786593481,0.13640782314131722,0.093133244848098,0.062459973538062694,3.1523420142344803e-4,1.0363096452412276e-4,0.01953353810997653,10,Consistent source,Consistent source,FALSE,1386.24,18.1,21.2353846153846,0.304615384615385,1.54923076923077,0.304615384615385,44.3307692307692,20.0092307692308,1.51969230769231,1.80467445576547,38.7,Forest
MLBS,30,0.7666666666666667,0.23333333333333328,0.7333333333333333,0.020365994539645674,0.013526600934569272,0.034318514207975485,0.02035996839873259,0.013510158086513723,6.026140913082339e-6,2.3395778346355564e-5,0.033015721826182724,12,Consistent source,Fluctuating,TRUE,1227.82,8.8,17.4175,0.165,1.65,0.165,19.4925,48.4,1.53631578947368,2.3720819508572,18.9,Forest
MOAB,35,0.9714285714285714,0.02857142857142858,0.9714285714285714,0.02119293603029656,0.0173265331200254,0.013024981645106338,0.021203954920169285,0.01733613952197983,-1.1018889872724768e-5,-8.621629262525306e-6,0.0030179407378075705,2,Consistent source,Consistent source,FALSE,319.46,10.1,0.35,0.0568181818181818,0.411363636363636,0.0568181818181818,14.9863636363636,67.5272727272727,1.57285714285714,0.206745419107119,0.2,Shrubland
NIWO,20,0.6,0.4,0.6,0.04343804006018034,7.056769110667923e-4,0.1698594955610115,0.04342525454093132,6.914048450412191e-4,1.2785519249016431e-5,6.088677848163143e-6,0.022240651551641094,5,Fluctuating,Fluctuating,FALSE,1004.54,0.3,21.7769230769231,0.217307692307692,2.34615384615385,0.217307692307692,11.4489361702128,60.0553191489362,1.33777777777778,0.600909602467655,0.6,Forest
NOGP,33,1,0,1,0.047119613008247026,0.028392683894392312,0.04084153217992208,0.04712578991263098,0.028397172282047217,-6.176904383950358e-6,-6.334127387914881e-6,0.0016447815318473141,0,Consistent source,Consistent source,FALSE,456.51,5.9,5.56585365853658,0.251190476190476,1.45714285714286,0.251190476190476,30.8678571428571,31.1559523809524,1.38920634920635,0.947648861128242,0.4,Grassland
OAES,34,0.9411764705882353,0.05882352941176472,0.9411764705882353,0.04755114176779353,0.03628039664429199,0.035818892804772844,0.0476032740150257,0.036334256880325586,-5.213224723216478e-5,-4.7138948262942874e-5,0.003589955166834082,2,Consistent source,Consistent source,FALSE,778.85,15.5,2.65,0.135897435897436,1.55641025641026,0.135897435897436,19.2410256410256,16.4974358974359,1.42655172413793,0.425468253550966,1.5,Grassland
ONAQ,28,0.5714285714285714,0.4285714285714286,0.5714285714285714,0.006497465987375149,0.0012814727206326266,0.016456122463539277,0.006495925510001242,0.0012764233761914743,1.5404773739053822e-6,9.701668154088823e-7,0.042307891226127374,14,Fluctuating,Fluctuating,FALSE,288.31,9,1.4,0.225,0.7225,0.225,20.305,35.85,1.293125,0.319775537152505,1,Shrubland
ORNL,29,0.7931034482758621,0.2068965517241379,0.7931034482758621,0.039820319800713766,0.023613234835659327,0.0586221906543862,0.03981687525159518,0.02348988134917148,3.444549118593793e-6,3.662625851605268e-5,0.04025541187932196,8,Consistent source,Consistent source,FALSE,1340.32,14.4,16.8493150684932,0.19041095890411,1.97808219178082,0.19041095890411,26.3294117647059,29.9205882352941,1.47533333333333,2.49908057331099,28,Forest
RMNP,12,0.75,0.25,0.75,0.04492883567784358,0.05745696420561833,0.14033879066641075,0.04488383612749432,0.057431511194498935,4.499955034925384e-5,3.8530256493444795e-5,0.005702492436669024,6,Consistent source,Consistent source,FALSE,730.59,2.9,18.3981818181818,0.12,2.43272727272727,0.12,8.62553191489362,68.0787234042553,1.52166666666667,0.47768733293369,11,Forest
SCBI,35,0.8,0.19999999999999996,0.8,0.022576493062927493,0.024898422840546393,0.036052777582983885,0.022559450867753975,0.02481450179426942,1.7042195173518783e-5,-1.2318958130405976e-6,0.08144094388621496,10,Consistent source,Consistent source,FALSE,1125.5,11.6,17.7473684210526,0.175862068965517,2.09080459770115,0.175862068965517,33.0440476190476,17.7071428571429,1.45808823529412,2.4994257118127,30,Forest
SERC,33,0.6060606060606061,0.3939393939393939,0.6060606060606061,0.007435372293268281,0.0038222853267812296,0.040409242909408165,0.007503911895252818,0.003930108403882399,-6.853960198453857e-5,-8.654576771807899e-5,0.06136878348172004,12,Fluctuating,Fluctuating,FALSE,1074.65,13.6,14.2223684210526,0.144565217391304,0.915217391304348,0.144565217391304,25.1717391304348,52.3728260869565,1.56258426966292,2.02464201879214,37.19,Forest
SJER,35,0.8571428571428571,0.1428571428571429,0.8571428571428571,0.02880905979116322,0.02875809746188849,0.037694742472254565,0.0287924464650946,0.028678870220030506,1.661332606862211e-5,-5.475821513348309e-6,0.07698486016157992,8,Consistent source,Consistent source,FALSE,539.62,16.4,3.01714285714286,0.00571428571428571,0.685714285714286,0.00571428571428571,7.34285714285714,79.4028571428571,1.68484848484848,0.747962446688153,12,Forest
SOAP,33,0.8484848484848485,0.1515151515151515,0.8484848484848485,0.016935150715252652,0.015894280929820516,0.01828310801393179,0.016924885898373286,0.0158959825041378,1.026481687936328e-5,-1.7021317446537836e-6,0.0434357684621189,10,Consistent source,Consistent source,FALSE,900.35,13.4,21.5851063829787,0.340425531914894,2.72553191489362,0.340425531914894,13.8682926829268,63.3487804878049,1.36,1.16416068302891,24.4,Forest
SRER,29,1,0,1,0.015491220571768686,0.012100002114893125,0.012048935319106564,0.015496791798989974,0.012110406210165294,-5.571227221291591e-6,-5.892204862356316e-6,0.003957174156743846,0,Consistent source,Consistent source,FALSE,346,19.3,1.35609756097561,0.025,0.495833333333333,0.025,10.820833333333301,74.1729166666667,1.51297115384615,0.444702824360855,2,Shrubland
STEI,31,0.6451612903225806,0.3548387096774194,0.6451612903225806,-0.0030769174473525614,0.002935929843932955,0.028146753353025376,-0.003053270658170892,0.0029407492377399795,-2.364678918166975e-5,-2.4219282559751685e-5,0.11195650811438776,11,Fluctuating,Fluctuating,FALSE,797.56,4.8,18.325,0.25,2.4375,0.25,5.864,68.7986666666667,1.39363636363636,1.61311471500752,9.5,Forest
STER,33,0.9393939393939394,0.06060606060606055,0.9393939393939394,0.02321866465373492,0.018094525065077045,0.026310968079445576,0.02322979178567747,0.018149524515061657,-1.1127131942546456e-5,-3.1115309413120657e-6,0.003524417852504785,4,Consistent source,Consistent source,FALSE,432.67,9.7,4.15,0.0755102040816327,0.959183673469388,0.0755102040816327,23.4183673469388,43.8795918367347,1.46295454545455,0.437887662867265,3,Cropland
TALL,31,0.8709677419354839,0.12903225806451613,0.8709677419354839,0.00525951297540958,0.03001639773998351,0.18851073517234238,0.005523341233195891,0.030040055367081202,-2.638282577863128e-4,-1.4146349508173847e-4,0.012409621997925368,6,Consistent source,Consistent source,FALSE,1382.68,17.2,9.31153846153846,0.0326923076923077,0.780769230769231,0.0326923076923077,13.7894230769231,67.5086538461538,1.571,1.08305146812169,25,Forest
TREE,34,0.8529411764705882,0.1470588235294118,0.8529411764705882,0.003199332983003577,0.0072835826545332594,0.04654862214323798,0.0032381586152667873,0.0073565519277524645,-3.88256322632124e-5,-1.9867759250885966e-5,0.13291407824233423,8,Consistent source,Consistent source,FALSE,797.56,4.8,22.0183333333333,0.366666666666667,3.01166666666667,0.366666666666667,3.19038461538462,84.3769230769231,1.51297115384615,1.02028354835506,24,Forest
UKFS,28,0.5,0.5,0.5,-0.006235636569266985,-0.0032267478779659164,0.04719377627772769,-0.0063324699132187535,-0.0031554403763976537,9.683334395176923e-5,5.6031977583777254e-5,0.09031200954820173,9,Fluctuating,Fluctuating,FALSE,990.63,12.7,20.5307692307692,0.130985915492958,2.11267605633803,0.130985915492958,43.7098591549296,7.48732394366197,1.71173913043478,2.33084356361247,18,Forest
UNDE,35,0.7428571428571429,0.2571428571428571,0.7428571428571429,0.010537529469291932,0.0066306025343478535,0.02113652364670661,0.01053877569464434,0.006790383217173729,-1.2462253524074827e-6,-1.2741538175253213e-5,0.15702917145834538,14,Fluctuating,Fluctuating,FALSE,802.3,4.3,46.7173913043478,0.642028985507246,4.91594202898551,0.642028985507246,5.10566037735849,63.8830188679245,1.7825,2.30936065569582,23,Forest
WOOD,33,0.9696969696969697,0.030303030303030276,0.9696969696969697,0.014107113539265746,0.009721217634458336,0.01160652523591636,0.014113476774580754,0.009728248775372343,-6.363235315006522e-6,-4.691566060848729e-6,0.0019458520928208527,2,Consistent source,Consistent source,FALSE,493.76,4.9,6.84545454545455,1.66323529411765,3.40441176470588,1.66323529411765,29.7940298507463,35.8417910447761,1.50625,0.817542376858546,0.5,Grassland
WREF,26,0.5769230769230769,0.42307692307692313,0.5769230769230769,0.031193704567805895,0.01040065838539703,0.13299168115960322,0.03110217843457774,0.010248454972148118,9.152613322815681e-5,5.956645099497488e-5,0.004836995290993098,16,Fluctuating,Fluctuating,FALSE,2225.01,9.2,49.7019230769231,0.467307692307692,3.06923076923077,0.467307692307692,11.8717948717949,52.7153846153846,0.998,1.02028354835506,53,Forest
YELL,25,0.76,0.24,0.76,0.01257179989783985,0.01248733409384633,0.02904140457810958,0.012595078080659409,0.012513499202849174,-2.3278182819559543e-5,-2.4037891196011438e-5,0.003740444031864498,8,Consistent source,Consistent source,FALSE,493.44,3.4,12.3777777777778,0.89047619047619,2.32619047619048,0.89047619047619,15.3675,50.9725,1.42545454545455,0.577602406994865,16,Forest
