SITE_ID,Year,n_30min,n_observed,observed_coverage,n_training_obs,annual_budget_gC_m2_yr,model_only_annual_budget_gC_m2_yr,observed_partial_gC_m2,gapfilled_partial_gC_m2,source_state,log_abs_flux,ERA5_Tair_C_annual,ERA5_Tair_C_sd_annual,ERA5_VSWC_annual,ERA5_VSWC_sd_annual,MAP,MAT,acidity,carbonTot,nitrogenTot,sulfurTot,clayTotal,sandTotal,bulkDensOvenDry,LAI.mean,canopyHeight_m,EcoType,ERA5_Tair_C_annual_site_mean,ERA5_Tair_C_annual_within_site,ERA5_VSWC_annual_site_mean,ERA5_VSWC_annual_within_site
BARR,2021,17520,34,0.00194063926940639,79,-0.126077886097922,-0.125656062724739,-1.75264138733726e-4,-0.125902621959188,0,-0.8993610780065052,-10.246829337899637,12.743239761507137,0.23841315639269406,0.022492297668079836,110,-12,43,1.99,10.0283333333333,1.99,24.2275,38.3475,1.51297115384615,0.371703473886533,0.3,Wetland,-8.942974695586038,-1.303854642313599,0.22459781202435314,0.01381534436834092
BARR,2022,17520,21,0.0011986301369863,79,-0.104140400958872,-0.104399776622,1.26006588984706e-4,-0.104266407547857,0,-0.9823807503766394,-8.740022831050274,12.035507587553363,0.24214180936073046,0.0227598339610403,110,-12,43,1.99,10.0283333333333,1.99,24.2275,38.3475,1.51297115384615,0.371703473886533,0.3,Wetland,-8.942974695586038,0.20295186453576441,0.22459781202435314,0.01754399733637732
BARR,2023,17520,24,0.00136986301369863,79,-0.156026051540267,-0.156188499250323,5.9914066567483e-5,-0.156085965606835,0,-0.8068028790185866,-7.842071917808204,11.95943848080464,0.1932384703196349,0.1089128883474654,110,-12,43,1.99,10.0283333333333,1.99,24.2275,38.3475,1.51297115384615,0.371703473886533,0.3,Wetland,-8.942974695586038,1.1009027777778337,0.22459781202435314,-0.03135934170471824
BART,2021,17520,13,7.42009132420091e-4,367,0.456115258382952,0.456640451499942,-2.15814326299896e-4,0.456331072709252,1,-0.3409253981494202,8.172985159817495,11.216281887806343,0.24418707191780828,0.04264108926135863,1246,5.6,60.3684210526316,0.496052631578947,4.20394736842105,0.496052631578947,3.13333333333333,67.62,1.1358620689655201,2.03997081622457,20,Forest,8.17879674985032,-0.00581159003282572,0.24591614329914915,-0.0017290713813408742
BART,2022,17520,197,0.0112442922374429,367,0.445561887968181,0.440916823127519,0.0103312129239715,0.435230675044209,1,-0.35109196352252087,7.86790239726054,11.801644413281245,0.2365800228310502,0.05137585881630499,1246,5.6,60.3684210526316,0.496052631578947,4.20394736842105,0.496052631578947,3.13333333333333,67.62,1.1358620689655201,2.03997081622457,20,Forest,8.17879674985032,-0.3108943525897807,0.24591614329914915,-0.009336120468098952
BART,2023,17520,78,0.00445205479452055,367,0.469683135919302,0.473205331752696,-0.00150850586297356,0.471191641782275,1,-0.3281950320551211,8.37484589041075,10.256205645512654,0.25726877853881275,0.03691400090253876,1246,5.6,60.3684210526316,0.496052631578947,4.20394736842105,0.496052631578947,3.13333333333333,67.62,1.1358620689655201,2.03997081622457,20,Forest,8.17879674985032,0.19604914056042944,0.24591614329914915,0.011352635239663594
BART,2024,17568,79,0.00449681238615665,367,0.465806757050637,0.465331713803647,0.0029875753820713,0.462819181668566,1,-0.33179421489363264,8.299453551912501,10.896884364156362,0.24562869990892539,0.03945217484124737,1246,5.6,60.3684210526316,0.496052631578947,4.20394736842105,0.496052631578947,3.13333333333333,67.62,1.1358620689655201,2.03997081622457,20,Forest,8.17879674985032,0.12065680206218055,0.24591614329914915,-2.874433902237683e-4
BLAN,2021,17520,102,0.00582191780821918,528,-0.145753381476522,-0.140554233562371,-0.00672251846706072,-0.139030863009461,0,-0.8363813578461818,14.602990867579742,10.03363213419537,0.37725916095890405,0.06633065039469783,982.55,12.1,7.775,0.0433333333333333,0.97,0.0433333333333333,26.1083333333333,27.8,1.54510204081633,1.59982944694717,4,Forest,14.427057381337777,0.1759334862419646,0.37535894613805915,0.0019002148208449032
BLAN,2022,17520,111,0.00633561643835616,528,-0.1450476136344,-0.143880706986318,-0.00103928914503974,-0.144008324489361,0,-0.8384894089477402,13.745456621004767,10.276030151291375,0.3924278253424658,0.04953800602617656,982.55,12.1,7.775,0.0433333333333333,0.97,0.0433333333333333,26.1083333333333,27.8,1.54510204081633,1.59982944694717,4,Forest,14.427057381337777,-0.6816007603330103,0.37535894613805915,0.01706887920440664
BLAN,2023,17520,188,0.0107305936073059,528,-0.208296867248741,-0.208237439783439,-0.00189111880870222,-0.20640574844004,0,-0.6813172596370598,14.901058789954305,9.219074581610727,0.3457893264840181,0.07523924753213675,982.55,12.1,7.775,0.0433333333333333,0.97,0.0433333333333333,26.1083333333333,27.8,1.54510204081633,1.59982944694717,4,Forest,14.427057381337777,0.4740014086165285,0.37535894613805915,-0.029569619654041035
BLAN,2024,17568,127,0.00722905282331512,528,-0.145932278250803,-0.147697948323299,0.00181097056580901,-0.147743248816611,0,-0.8358486344261669,14.458723246812294,9.823054470901344,0.3859594717668487,0.0680685069174209,982.55,12.1,7.775,0.0433333333333333,0.97,0.0433333333333333,26.1083333333333,27.8,1.54510204081633,1.59982944694717,4,Forest,14.427057381337777,0.03166586547451722,0.37535894613805915,0.010600525628789548
BONA,2021,17520,51,0.00291095890410959,273,-0.134031456818652,-0.135383407438758,0.00146220359520461,-0.135493660413856,0,-0.8727932586973954,-1.7207391552512281,15.100411632478352,0.3150317922374428,0.05911407315761397,275,-2,62.05,0.42027027027027,6.53648648648649,0.42027027027027,8.57924528301887,34.0849056603774,1.51297115384615,0.682728736903336,6.4,Forest,-1.0591949657067696,-0.6615441895444585,0.324046814900847,-0.009015022663404204
BONA,2022,17520,88,0.00502283105022831,273,-0.131551162667711,-0.128349495641843,-0.00361885074415843,-0.127932311923553,0,-0.8809053059041586,-0.9392494292240167,14.195970487926175,0.31221466894977157,0.062098332976870445,275,-2,62.05,0.42027027027027,6.53648648648649,0.42027027027027,8.57924528301887,34.0849056603774,1.51297115384615,0.682728736903336,6.4,Forest,-1.0591949657067696,0.11994553648275297,0.324046814900847,-0.011832145951075457
BONA,2023,17520,90,0.00513698630136986,273,-0.116658282524595,-0.117736548104019,3.92508109930466e-4,-0.117050790634526,0,-0.9330844179392701,-0.7837328767121926,13.835055913355934,0.33101972031963467,0.05098200204022756,275,-2,62.05,0.42027027027027,6.53648648648649,0.42027027027027,8.57924528301887,34.0849056603774,1.51297115384615,0.682728736903336,6.4,Forest,-1.0591949657067696,0.275462088994577,0.324046814900847,0.006972905418787645
BONA,2024,17568,44,0.00250455373406193,273,-0.122608228585015,-0.121933106841544,-3.95397232186045e-4,-0.122212831352829,0,-0.9114803785662958,-0.7930584016396411,14.644800391775458,0.337921078096539,0.05992324592240611,275,-2,62.05,0.42027027027027,6.53648648648649,0.42027027027027,8.57924528301887,34.0849056603774,1.51297115384615,0.682728736903336,6.4,Forest,-1.0591949657067696,0.2661365640671285,0.324046814900847,0.01387426319569196
CLBJ,2021,17520,33,0.00188356164383562,255,1.112581897873,1.11495471159669,1.91926333607062e-5,1.11256270523964,1,0.046331989917661125,18.495713470319807,9.496675382344918,0.3180289098173517,0.061331292914490985,925.61,17.5,3.70909090909091,0.0223880597014925,0.492537313432836,0.0223880597014925,16.7686567164179,62.1388059701493,1.64404255319149,1.49708422699265,16,Grassland,19.222624609735593,-0.7269111394157868,0.3066702173901177,0.01135869242723403
CLBJ,2022,17520,54,0.00308219178082192,255,1.14982353470659,1.1448962401309,0.00794969104091278,1.14187384366568,1,0.06063119396284174,18.86133847031947,11.179632528147055,0.28934497716894997,0.07433767368401517,925.61,17.5,3.70909090909091,0.0223880597014925,0.492537313432836,0.0223880597014925,16.7686567164179,62.1388059701493,1.64404255319149,1.49708422699265,16,Grassland,19.222624609735593,-0.36128613941612286,0.3066702173901177,-0.017325240221167715
CLBJ,2023,17520,128,0.00730593607305936,255,1.19909671372885,1.20119634700402,0.0065261521078898,1.19257056162096,1,0.0788542131064569,19.773710045661964,10.14966182063131,0.3108764554794519,0.07640686643129431,925.61,17.5,3.70909090909091,0.0223880597014925,0.492537313432836,0.0223880597014925,16.7686567164179,62.1388059701493,1.64404255319149,1.49708422699265,16,Grassland,19.222624609735593,0.551085435926371,0.3066702173901177,0.0042062380893342355
CLBJ,2024,17568,40,0.00227686703096539,255,1.16757117391963,1.16609153641611,0.0045671853743409,1.16300398854529,1,0.06728336455520803,19.759736452641132,9.66369535220249,0.30843052709471724,0.0761994507242466,925.61,17.5,3.70909090909091,0.0223880597014925,0.492537313432836,0.0223880597014925,16.7686567164179,62.1388059701493,1.64404255319149,1.49708422699265,16,Grassland,19.222624609735593,0.5371118429055386,0.3066702173901177,0.0017603097045995608
CPER,2021,17520,319,0.0182077625570776,2294,0.575370792030381,0.582252205850515,0.00294667326193356,0.572424118768448,1,-0.2400521875407164,10.420901826484107,11.331049969193915,0.19044437785388107,0.05742402667289881,320,8.6,1.72631578947368,0.192105263157895,0.746052631578947,0.192105263157895,19.4315789473684,64.3157894736842,1.55026666666667,0.35214216262916,0.3,Grassland,10.159294426588332,0.26160739989577486,0.19276132335878424,-0.0023169455049031618
CPER,2022,17520,386,0.0220319634703196,2294,0.57139020599864,0.572997572837284,0.00909378220859181,0.562296423790047,1,-0.24306720722051067,9.856954908676016,12.20727904506721,0.1783506849315068,0.037582485260338194,320,8.6,1.72631578947368,0.192105263157895,0.746052631578947,0.192105263157895,19.4315789473684,64.3157894736842,1.55026666666667,0.35214216262916,0.3,Grassland,10.159294426588332,-0.3023395179123156,0.19276132335878424,-0.014410638427277439
CPER,2023,17520,958,0.0546803652968037,2294,0.603465153381279,0.577530077320184,0.051709943408712,0.551755209972569,1,-0.2193478021148294,9.713558789954467,10.915577243828288,0.21102191780821908,0.06016277015099581,320,8.6,1.72631578947368,0.192105263157895,0.746052631578947,0.192105263157895,19.4315789473684,64.3157894736842,1.55026666666667,0.35214216262916,0.3,Grassland,10.159294426588332,-0.44573563663386473,0.19276132335878424,0.01826059444943484
CPER,2024,17568,631,0.0359175774134791,2294,0.559480597211155,0.575590903912898,0.00624264871015379,0.553237948501001,1,-0.25221496943220606,10.645762181238736,11.015531340886747,0.19122831284152997,0.05681377614201215,320,8.6,1.72631578947368,0.192105263157895,0.746052631578947,0.192105263157895,19.4315789473684,64.3157894736842,1.55026666666667,0.35214216262916,0.3,Grassland,10.159294426588332,0.4864677546504037,0.19276132335878424,-0.0015330105172542685
DCFS,2021,17520,926,0.0528538812785388,5676,-0.154372219039259,-0.166047022015888,0.00787469705900726,-0.162246916098266,0,-0.8114308501734606,6.473267694064187,13.821151806285267,0.2812160102739725,0.06247329026126368,489.74,4.9,10.0529411764706,0.189655172413793,1.91896551724138,0.189655172413793,24.4965517241379,44.4396551724138,1.43106382978723,1.02028354835506,1,Grassland,5.279030380189988,1.1942373138741997,0.2982470496442784,-0.017031039370305867
DCFS,2022,17521,1791,0.102220192911363,5676,-0.206699664876112,-0.212609372778602,-0.0139818546904698,-0.192717810185642,0,-0.6846602253963118,3.4544777397261255,15.053772665943205,0.2831575913242008,0.06717978205685964,489.74,4.9,10.0529411764706,0.189655172413793,1.91896551724138,0.189655172413793,24.4965517241379,44.4396551724138,1.43106382978723,1.02028354835506,1,Grassland,5.279030380189988,-1.8245526404638621,0.2982470496442784,-0.015089458320077576
DCFS,2023,17520,2173,0.124029680365297,5676,-0.156889521583437,-0.16157601308131,-0.0171847285309321,-0.139704793052506,0,-0.8044060585554047,5.067522831050038,13.530368549309111,0.2936612442922373,0.05481698529742057,489.74,4.9,10.0529411764706,0.189655172413793,1.91896551724138,0.189655172413793,24.4965517241379,44.4396551724138,1.43106382978723,1.02028354835506,1,Grassland,5.279030380189988,-0.21150754913994962,0.2982470496442784,-0.004585805352041117
DCFS,2024,17568,786,0.0447404371584699,5676,-0.183151015698827,-0.157914105585289,-0.0387404026935265,-0.144410613005301,0,-0.7371906661587878,6.1208532559196005,12.420695280597888,0.334953352686703,0.04581752538379813,489.74,4.9,10.0529411764706,0.189655172413793,1.91896551724138,0.189655172413793,24.4965517241379,44.4396551724138,1.43106382978723,1.02028354835506,1,Grassland,5.279030380189988,0.8418228757296129,0.2982470496442784,0.036706303042424615
DEJU,2021,17520,147,0.00839041095890411,920,0.255531926904714,0.257142933672123,7.51862700783703e-4,0.25478006420393,1,-0.5925548284195364,-2.640844748858179,14.814695662567729,0.3404039668949772,0.03548544575211032,300,-2,14.2513513513514,0.166216216216216,1.92027027027027,0.166216216216216,7.69444444444444,52.6791666666667,1.225,0.541847752310892,6.1,Forest,-1.6598733746132144,-0.9809713742449646,0.33687141508455604,0.0035325518104211695
DEJU,2022,17520,518,0.0295662100456621,920,0.282506207083659,0.279102153847335,0.00944027799800795,0.273065929085651,1,-0.5489720041034728,-1.3803795662103115,14.158260501524062,0.33474289383561656,0.049724841149537735,300,-2,14.2513513513514,0.166216216216216,1.92027027027027,0.166216216216216,7.69444444444444,52.6791666666667,1.225,0.541847752310892,6.1,Forest,-1.6598733746132144,0.27949380840290283,0.33687141508455604,-0.0021285212489394745
DEJU,2023,17520,254,0.0144977168949772,920,0.302711368796856,0.30345484828478,0.0020118959162391,0.300699472880616,1,-0.5189712666968744,-1.2813127853882944,13.52613906369978,0.32317773972602737,0.04264916943560757,300,-2,14.2513513513514,0.166216216216216,1.92027027027027,0.166216216216216,7.69444444444444,52.6791666666667,1.225,0.541847752310892,6.1,Forest,-1.6598733746132144,0.37856058922492,0.33687141508455604,-0.013693675358528667
DEJU,2024,17568,1,5.69216757741348e-5,920,0.290230373438977,0.290262691216113,-1.18811448715084e-5,0.290242254583848,1,-0.537257137863375,-1.3369563979960724,14.31373996726746,0.349161059881603,0.03818816795631809,300,-2,14.2513513513514,0.166216216216216,1.92027027027027,0.166216216216216,7.69444444444444,52.6791666666667,1.225,0.541847752310892,6.1,Forest,-1.6598733746132144,0.322916976617142,0.33687141508455604,0.012289644797046972
DSNY,2022,17520,38,0.0021689497716895,141,0.478454453422305,0.475278980678365,0.00423771619206885,0.474216737230236,1,-0.32015939777116564,23.212174657534238,5.989944473315025,0.19289255136986305,0.06047125612077871,1216.09,22.5,10.5814285714286,0.0485714285714286,0.578571428571429,0.0485714285714286,1.17,95.3685714285714,1.51297115384615,0.84217468373772,2,Cropland,23.34609641544193,-0.133921757907693,0.1830842462894345,0.009808305080428542
DSNY,2023,17520,61,0.00348173515981735,141,0.436013075914343,0.437472317695792,8.50487369409831e-5,0.435928027177402,1,-0.36050048516587996,23.704814497716974,5.654986107889425,0.16341195776255707,0.07011579511273253,1216.09,22.5,10.5814285714286,0.0485714285714286,0.578571428571429,0.0485714285714286,1.17,95.3685714285714,1.51297115384615,0.84217468373772,2,Cropland,23.34609641544193,0.3587180822750433,0.1830842462894345,-0.01967228852687744
DSNY,2024,17568,42,0.00239071038251366,141,0.487273360183091,0.49024705434011,-0.00169125128084819,0.488964611463939,1,-0.3122273304767362,23.121300091074577,6.037098947285683,0.19294822973588344,0.0731752247531366,1216.09,22.5,10.5814285714286,0.0485714285714286,0.578571428571429,0.0485714285714286,1.17,95.3685714285714,1.51297115384615,0.84217468373772,2,Cropland,23.34609641544193,-0.22479632436735386,0.1830842462894345,0.009863983446448926
GRSM,2021,17520,449,0.0256278538812785,2460,1.04293398940512,1.04287033130189,0.0308822464658096,1.01205174293931,1,0.018256821839754415,14.495342465753378,8.570591625419127,0.4438861015981736,0.04227187187302023,1375,13.1,40.2038461538462,0.257692307692308,3.74230769230769,0.257692307692308,20.62,42.3022222222222,1.26225806451613,2.08767388481439,31,Forest,14.517542732193661,-0.022200266440282945,0.4391634548221236,0.004722646776049999
GRSM,2022,17520,1434,0.0818493150684931,2460,1.04253755665688,1.05834455256008,0.0762383586881023,0.966299197968777,1,0.01809170948687659,14.185687785388128,9.405022091086822,0.43864517694063926,0.04304566932201278,1375,13.1,40.2038461538462,0.257692307692308,3.74230769230769,0.257692307692308,20.62,42.3022222222222,1.26225806451613,2.08767388481439,31,Forest,14.517542732193661,-0.3318549468055334,0.4391634548221236,-5.182778814843414e-4
GRSM,2023,17520,459,0.0261986301369863,2460,1.03542799035688,1.02037718683916,0.0428906445462288,0.99253734581065,1,0.015119901352342431,14.804654680365429,8.065780427908317,0.4378915810502283,0.04558085352316561,1375,13.1,40.2038461538462,0.257692307692308,3.74230769230769,0.257692307692308,20.62,42.3022222222222,1.26225806451613,2.08767388481439,31,Forest,14.517542732193661,0.2871119481717681,0.4391634548221236,-0.0012718737718953044
GRSM,2024,17568,118,0.0067167577413479,2460,1.04488865885186,1.04187008149806,0.0107485677039712,1.03414009114789,1,0.01907001581730317,14.58448599726771,8.93953630447458,0.43623095969945336,0.05029795671673699,1375,13.1,40.2038461538462,0.257692307692308,3.74230769230769,0.257692307692308,20.62,42.3022222222222,1.26225806451613,2.08767388481439,31,Forest,14.517542732193661,0.06694326507404824,0.4391634548221236,-0.0029324951226702423
HEAL,2021,17520,139,0.0079337899543379,685,0.0524097523589211,0.0517982901489068,0.00135372820908907,0.051056024149832,1,-1.2805878840888896,-3.6115268264841136,14.704976047130623,0.29196492579908684,0.050237312674256844,320,-4,60.5527272727273,0.383636363636364,9.10909090909091,0.383636363636364,15.7466666666667,31.9266666666667,1.51297115384615,1.69196784974012,0.3,Shrubland,-2.895749021025057,-0.7157778054590564,0.2978403292412106,-0.005875403442123783
HEAL,2022,17520,208,0.0118721461187215,685,0.0526243769767044,0.0543379062299167,-7.32729390787353e-4,0.0533571063674917,1,-1.278813024512692,-2.676041666666501,13.948176051372819,0.3046511415525114,0.05402031843978901,320,-4,60.5527272727273,0.383636363636364,9.10909090909091,0.383636363636364,15.7466666666667,31.9266666666667,1.51297115384615,1.69196784974012,0.3,Shrubland,-2.895749021025057,0.21970735435855637,0.2978403292412106,0.006810812311300762
HEAL,2023,17520,273,0.0155821917808219,685,0.050328956177624,0.0497441803651323,5.71715594337166e-4,0.0497572405832869,1,-1.2981820681463825,-2.7410816210045774,13.212753198349686,0.29564677511415505,0.05327493254937927,320,-4,60.5527272727273,0.383636363636364,9.10909090909091,0.383636363636364,15.7466666666667,31.9266666666667,1.51297115384615,1.69196784974012,0.3,Shrubland,-2.895749021025057,0.15466740002047974,0.2978403292412106,-0.0021935541270555747
HEAL,2024,17568,65,0.00369990892531876,685,0.0692549976404867,0.0687873085091097,6.99981677571367e-4,0.0685550159629152,1,-1.1595488749186145,-2.5543459699450373,14.09816553718713,0.2990984744990893,0.04651031352195311,320,-4,60.5527272727273,0.383636363636364,9.10909090909091,0.383636363636364,15.7466666666667,31.9266666666667,1.51297115384615,1.69196784974012,0.3,Shrubland,-2.895749021025057,0.3414030510800199,0.2978403292412106,0.0012581452578786512
JERC,2021,17520,71,0.00405251141552511,244,0.216390344187716,0.21489300581091,0.00399740071587989,0.212392943471836,1,-0.6647621202994738,19.720253995433698,7.669176734382011,0.20700887557077619,0.06291280404428529,1307.97,19.2,4.82233009708738,0.0242718446601942,0.422330097087379,0.0242718446601942,11.2427184466019,76.6533980582524,1.51297115384615,1.4271596851054,22,Forest,20.13702216202553,-0.416768166591833,0.19393623758639608,0.013072637984380103
JERC,2022,17520,120,0.00684931506849315,244,0.176621523837032,0.174189154950463,0.00328479282528851,0.173336731011744,1,-0.7529563701338925,20.19039954337888,8.446090854487462,0.16819537671232856,0.0644376807006259,1307.97,19.2,4.82233009708738,0.0242718446601942,0.422330097087379,0.0242718446601942,11.2427184466019,76.6533980582524,1.51297115384615,1.4271596851054,22,Forest,20.13702216202553,0.05337738135335002,0.19393623758639608,-0.025740860874067517
JERC,2023,17520,38,0.0021689497716895,244,0.228350284127199,0.233482778202184,-0.00484028101711999,0.233190565144318,1,-0.6413984417793723,20.449166666666624,7.584365924378543,0.20566632420091324,0.06813232066334302,1307.97,19.2,4.82233009708738,0.0242718446601942,0.422330097087379,0.0242718446601942,11.2427184466019,76.6533980582524,1.51297115384615,1.4271596851054,22,Forest,20.13702216202553,0.31214450464109333,0.19393623758639608,0.01173008661451716
JERC,2024,17568,15,8.53825136612022e-4,244,0.211996888626126,0.21263758250931,-5.00784388107322e-4,0.212497673014234,1,-0.6736705109020011,20.188268442622913,8.245599339763514,0.19487437386156634,0.06877355182967956,1307.97,19.2,4.82233009708738,0.0242718446601942,0.422330097087379,0.0242718446601942,11.2427184466019,76.6533980582524,1.51297115384615,1.4271596851054,22,Forest,20.13702216202553,0.051246280597382565,0.19393623758639608,9.381362751702538e-4
JORN,2022,17520,921,0.0525684931506849,2982,0.281170071419107,0.287897997770646,0.0128111661844156,0.268358905234692,1,-0.5510309072472741,18.46180079908677,9.680261480826054,0.06317317351598203,0.07833361662500248,271.33,15.7,0.806451612903226,0,0.440425531914894,0,9.02553191489362,84.3468085106383,1.57823529411765,0.283462724907497,1,Shrubland,19.295577502890215,-0.8337767038034443,0.04395025445808503,0.019222919057897005
JORN,2023,17520,1408,0.080365296803653,2982,0.262298842129442,0.251995538641865,0.0340462326664987,0.228252609462944,1,-0.5812036248637356,19.67083904109581,9.981236725608762,0.03495622146118747,0.02852234758914722,271.33,15.7,0.806451612903226,0,0.440425531914894,0,9.02553191489362,84.3468085106383,1.57823529411765,0.283462724907497,1,Shrubland,19.295577502890215,0.3752615382055957,0.04395025445808503,-0.008994032996897557
JORN,2024,17568,653,0.03716985428051,2982,0.253879580897401,0.257145067690429,0.00973886124397638,0.244140719653425,1,-0.5953722255770867,19.754092668488067,9.351654765100523,0.03372136839708558,0.028173738742854677,271.33,15.7,0.806451612903226,0,0.440425531914894,0,9.02553191489362,84.3468085106383,1.57823529411765,0.283462724907497,1,Shrubland,19.295577502890215,0.4585151655978521,0.04395025445808503,-0.010228886060999448
KONA,2021,17522,1378,0.0786439904120534,13964,0.241158387739662,0.21788737968401,0.0394284855242505,0.201729902215411,1,-0.6176976264645527,14.57270547945189,11.410141260205549,0.2508083618721461,0.07410366064876495,850.63,12.7,6.04117647058824,0.162222222222222,1.32,0.162222222222222,37.48,7.96666666666667,1.66973333333333,1.02028354835506,1.5,Grassland,14.574822499890745,-0.0021170204388543112,0.240838096020629,0.009970265851517113
KONA,2022,17520,5452,0.311187214611872,13964,0.156997514959393,0.210701986440132,0.0109471424880632,0.146050372471329,1,-0.8041072190153709,13.88389840182653,12.651347782127074,0.22284677511415538,0.07607791824347104,850.63,12.7,6.04117647058824,0.162222222222222,1.32,0.162222222222222,37.48,7.96666666666667,1.66973333333333,1.02028354835506,1.5,Grassland,14.574822499890745,-0.6909240980642153,0.240838096020629,-0.017991320906473623
KONA,2023,17520,4199,0.23966894977169,13964,0.228940621243499,0.199933200621911,0.080683668878418,0.148256952365082,1,-0.6402771411352445,14.882494292237315,11.336651703301522,0.234775770547945,0.07096922909322348,850.63,12.7,6.04117647058824,0.162222222222222,1.32,0.162222222222222,37.48,7.96666666666667,1.66973333333333,1.02028354835506,1.5,Grassland,14.574822499890745,0.3076717923465697,0.240838096020629,-0.00606232547268401
KONA,2024,17568,2935,0.167065118397086,13964,0.215312370345448,0.215844339435016,0.0380089096780839,0.177303460667365,1,-0.666931015914068,14.960191826047247,11.38791778200313,0.2549214765482696,0.07817456085135598,850.63,12.7,6.04117647058824,0.162222222222222,1.32,0.162222222222222,37.48,7.96666666666667,1.66973333333333,1.02028354835506,1.5,Grassland,14.574822499890745,0.38536932615650166,0.240838096020629,0.014083380527640577
KONZ,2021,17520,2406,0.137328767123288,15517,0.0691753057689386,0.0698144282408854,0.0276444878285894,0.0415308179403495,1,-1.1600489062345443,13.972705479451925,11.410141260205549,0.2508083618721461,0.07410366064876495,870.38,12.4,12.9,0.234,2.166,0.234,39.314,10.354,1.64342857142857,1.86788222241987,1,Grassland,13.974822499890763,-0.002117020438838324,0.240838096020629,0.009970265851517113
KONZ,2022,17520,5519,0.315011415525114,15517,0.0331192113344922,0.0630436475499336,0.0122788504795725,0.0208403608549195,1,-1.4799200004756652,13.283898401826551,12.651347782127063,0.22284677511415538,0.07607791824347104,870.38,12.4,12.9,0.234,2.166,0.234,39.314,10.354,1.64342857142857,1.86788222241987,1,Grassland,13.974822499890763,-0.6909240980642117,0.240838096020629,-0.017991320906473623
KONZ,2023,17520,4840,0.276255707762557,15517,0.0741587477945526,0.0537400114438329,0.0330262575085112,0.0411324902860409,1,-1.1298376062126094,14.282494292237317,11.336651703301523,0.234775770547945,0.07096922909322348,870.38,12.4,12.9,0.234,2.166,0.234,39.314,10.354,1.64342857142857,1.86788222241987,1,Grassland,13.974822499890763,0.30767179234655373,0.240838096020629,-0.00606232547268401
KONZ,2024,17568,2752,0.156648451730419,15517,0.0740924865752632,0.0666359448209885,0.0216681739297357,0.0524243126455277,1,-1.1302258240045475,14.36019182604726,11.387917782003118,0.2549214765482696,0.07817456085135598,870.38,12.4,12.9,0.234,2.166,0.234,39.314,10.354,1.64342857142857,1.86788222241987,1,Grassland,13.974822499890763,0.38536932615649633,0.240838096020629,0.014083380527640577
LAJA,2021,17520,1160,0.0662100456621005,6426,0.799732338449389,0.808809127914877,0.0344549179114993,0.76527742053789,1,-0.09705534169632725,26.86114440639274,1.8348677414650059,0.19038558789954346,0.03294227785619503,1168,25,7.51129032258064,1.18961038961039,1.48571428571429,1.18961038961039,48.6324675324675,22.5324675324675,1.77082191780822,1.02028354835506,1,Grassland,27.141804580869355,-0.2806601744766155,0.1857954847855379,0.004590103114005567
LAJA,2022,17520,1454,0.0829908675799087,6426,0.905053456760943,0.82023330239429,0.111773776701354,0.793279680059589,1,-0.04332576806006709,26.585234018264863,1.8003944497519226,0.2041208333333335,0.03608905272953985,1168,25,7.51129032258064,1.18961038961039,1.48571428571429,1.18961038961039,48.6324675324675,22.5324675324675,1.77082191780822,1.02028354835506,1,Grassland,27.141804580869355,-0.5565705626044917,0.1857954847855379,0.018325348547795606
LAJA,2023,17520,2929,0.167180365296804,6426,0.671125501968662,0.760283949609337,0.00241430865894231,0.668711193309716,1,-0.17319625755069107,27.250319634703246,2.0637099620786916,0.1635416381278538,0.04327869354642879,1168,25,7.51129032258064,1.18961038961039,1.48571428571429,1.18961038961039,48.6324675324675,22.5324675324675,1.77082191780822,1.02028354835506,1,Grassland,27.141804580869355,0.10851505383389082,0.1857954847855379,-0.022253846657684095
LAJA,2024,17568,883,0.050261839708561,6426,0.908075933684635,0.895205745256147,0.0447986694505588,0.86327726423408,1,-0.04187783359824545,27.87052026411657,2.044508553240146,0.18513387978142085,0.03288625957806579,1168,25,7.51129032258064,1.18961038961039,1.48571428571429,1.18961038961039,48.6324675324675,22.5324675324675,1.77082191780822,1.02028354835506,1,Grassland,27.141804580869355,0.7287156832472164,0.1857954847855379,-6.616050041170496e-4
LENO,2021,17520,49,0.00279680365296804,332,1.57653425589709,1.56806980333563,0.0132978893024991,1.56323636659459,1,0.19770341207709372,19.495419520548054,8.089176998613631,0.42041004566210044,0.05059794876474762,1386.24,18.1,21.2353846153846,0.304615384615385,1.54923076923077,0.304615384615385,44.3307692307692,20.0092307692308,1.51969230769231,1.80467445576547,38.7,Forest,20.105102700738687,-0.6096831801906326,0.3965826568231155,0.023827388838984942
LENO,2022,17520,118,0.0067351598173516,332,1.59326408736277,1.59128862904759,0.0120363198240754,1.58122776753869,1,0.20228776739741344,19.50364440639286,8.777422937415317,0.40980408105022836,0.05682570078159441,1386.24,18.1,21.2353846153846,0.304615384615385,1.54923076923077,0.304615384615385,44.3307692307692,20.0092307692308,1.51969230769231,1.80467445576547,38.7,Forest,20.105102700738687,-0.6014582943458286,0.3965826568231155,0.013221424227112866
LENO,2023,17520,116,0.00662100456621005,332,1.61324974684294,1.61555918388163,0.00905740156297715,1.60419234527996,1,0.20770160589729172,21.010873287671345,8.384144882934912,0.3711183789954338,0.0739434061825758,1386.24,18.1,21.2353846153846,0.304615384615385,1.54923076923077,0.304615384615385,44.3307692307692,20.0092307692308,1.51969230769231,1.80467445576547,38.7,Forest,20.105102700738687,0.9057705869326576,0.3965826568231155,-0.02546427782768168
LENO,2024,17568,49,0.0027891621129326,332,1.60051335762381,1.60477130883793,5.55972043320141e-4,1.59995738558049,1,0.2042593033176364,20.410473588342487,8.638770227756648,0.3849981215846993,0.06975397238929695,1386.24,18.1,21.2353846153846,0.304615384615385,1.54923076923077,0.304615384615385,44.3307692307692,20.0092307692308,1.51969230769231,1.80467445576547,38.7,Forest,20.105102700738687,0.30537088760380016,0.3965826568231155,-0.011584535238416183
MLBS,2021,17520,76,0.004337899543379,798,0.318031865171336,0.319829072630446,1.90113664348655e-7,0.318031675057672,1,-0.49752936237716494,9.219454908675994,9.422258043917958,0.31338752853881274,0.06552371842280459,1227.82,8.8,17.4175,0.165,1.65,0.165,19.4925,48.4,1.53631578947368,2.3720819508572,18.9,Forest,9.208645422015772,0.010809486660221523,0.3255970371682948,-0.012209508629482058
MLBS,2022,17520,411,0.023458904109589,798,0.321807919517109,0.318698736403225,0.0125243514327614,0.309283568084348,1,-0.4924032710059689,8.702445776255766,9.757428077542846,0.33181558219178076,0.06313814064630924,1227.82,8.8,17.4175,0.165,1.65,0.165,19.4925,48.4,1.53631578947368,2.3720819508572,18.9,Forest,9.208645422015772,-0.506199645760006,0.3255970371682948,0.006218545023485955
MLBS,2023,17520,208,0.0118721461187215,798,0.337286157271084,0.34026048455291,0.0013455461866897,0.335940611084394,1,-0.47200148125324076,9.348538812785382,8.252546867577497,0.3464113869863014,0.05325268366692007,1227.82,8.8,17.4175,0.165,1.65,0.165,19.4925,48.4,1.53631578947368,2.3720819508572,18.9,Forest,9.208645422015772,0.13989339076960938,0.3255970371682948,0.020814349818006617
MLBS,2024,17568,103,0.00586293260473588,798,0.328105491888749,0.326224236974602,0.00344166043739237,0.324663831451357,1,-0.4839864989303042,9.564142190345946,9.354091477724795,0.31077365095628423,0.0759475619913302,1227.82,8.8,17.4175,0.165,1.65,0.165,19.4925,48.4,1.53631578947368,2.3720819508572,18.9,Forest,9.208645422015772,0.3554967683301733,0.3255970371682948,-0.01482338621201057
MOAB,2021,17520,1077,0.061472602739726,9867,0.381450256564011,0.385437531094333,0.0246639900947956,0.356786266469215,1,-0.4185620875228609,12.737517123287617,11.26158200923376,0.08596509703196357,0.060883964401396214,319.46,10.1,0.35,0.0568181818181818,0.411363636363636,0.0568181818181818,14.9863636363636,67.5272727272727,1.57285714285714,0.206745419107119,0.2,Shrubland,12.47726119017765,0.260255933109967,0.10382344126228898,-0.01785834423032541
MOAB,2022,17520,3303,0.188527397260274,9867,0.396067292808675,0.392121798387377,0.0780990850641564,0.317968207744519,1,-0.4022310190066379,12.299506278538956,11.68052203071671,0.09365082762557081,0.06638426433490972,319.46,10.1,0.35,0.0568181818181818,0.411363636363636,0.0568181818181818,14.9863636363636,67.5272727272727,1.57285714285714,0.206745419107119,0.2,Shrubland,12.47726119017765,-0.1777549116386936,0.10382344126228898,-0.010172613636718175
MOAB,2023,17520,3996,0.228082191780822,9867,0.4078547607686,0.404215824873059,0.0904138598771249,0.317440900891476,1,-0.3894944628707211,11.762942351598038,11.881549933703502,0.13255833333333336,0.10772895415535719,319.46,10.1,0.35,0.0568181818181818,0.411363636363636,0.0568181818181818,14.9863636363636,67.5272727272727,1.57285714285714,0.206745419107119,0.2,Shrubland,12.47726119017765,-0.7143188385796115,0.10382344126228898,0.028734892071044377
MOAB,2024,17568,1491,0.084870218579235,9867,0.412886051275759,0.4152626864957,0.0386169181652732,0.374269133110485,1,-0.3841697878009695,13.109079007285985,10.867775942232637,0.1031195070582882,0.0721790344995385,319.46,10.1,0.35,0.0568181818181818,0.411363636363636,0.0568181818181818,14.9863636363636,67.5272727272727,1.57285714285714,0.206745419107119,0.2,Shrubland,12.47726119017765,0.6318178171083346,0.10382344126228898,-7.039342040007779e-4
NIWO,2021,17520,7,3.99543378995434e-4,152,0.818718348249241,0.819111712237945,-1.58227150983668e-4,0.818876575400225,1,-0.08686547602256914,-1.4364155251142794,10.138492717609495,0.2701546518264839,0.08705936657182343,1004.54,0.3,21.7769230769231,0.217307692307692,2.34615384615385,0.217307692307692,11.4489361702128,60.0553191489362,1.33777777777778,0.600909602467655,0.6,Forest,-1.7808149721941429,0.3443994470798635,0.26992134108637755,2.3331074010635167e-4
NIWO,2022,17520,94,0.00536529680365297,152,0.813929118619341,0.80788045404131,0.011255928864873,0.802673189754468,1,-0.0894134136593386,-2.400382420091313,10.851010731576372,0.2666123858447491,0.07053914154484654,1004.54,0.3,21.7769230769231,0.217307692307692,2.34615384615385,0.217307692307692,11.4489361702128,60.0553191489362,1.33777777777778,0.600909602467655,0.6,Forest,-1.7808149721941429,-0.61956744789717,0.26992134108637755,-0.003308955241628442
NIWO,2023,17520,39,0.00222602739726027,152,0.833168176540054,0.834377813424943,3.6180983726153e-4,0.832806366702793,1,-0.07926732607748666,-2.1877796803651326,10.068376523179968,0.28968047945205494,0.06758208021582326,1004.54,0.3,21.7769230769231,0.217307692307692,2.34615384615385,0.217307692307692,11.4489361702128,60.0553191489362,1.33777777777778,0.600909602467655,0.6,Forest,-1.7808149721941429,-0.40696470817098973,0.26992134108637755,0.019759138365677387
NIWO,2024,17568,12,6.83060109289617e-4,152,0.829127959674291,0.829410958583349,-8.99487646434999e-6,0.829136954550755,1,-0.08137843889940281,-1.0986822632058468,10.052839088830067,0.25323784722222215,0.0685609966247301,1004.54,0.3,21.7769230769231,0.217307692307692,2.34615384615385,0.217307692307692,11.4489361702128,60.0553191489362,1.33777777777778,0.600909602467655,0.6,Forest,-1.7808149721941429,0.682132708988296,0.26992134108637755,-0.016683493864155408
NOGP,2021,17520,591,0.0337328767123288,9136,0.985653229622091,0.983191305063654,0.0364183427684,0.949234886853691,1,-0.006275850288021543,8.161680936073116,13.748090780684983,0.23989728881278555,0.0535349493833778,456.51,5.9,5.56585365853658,0.251190476190476,1.45714285714286,0.251190476190476,30.8678571428571,31.1559523809524,1.38920634920635,0.947648861128242,0.4,Grassland,6.756146673512795,1.4055342625603213,0.27563205095815546,-0.035734762145369914
NOGP,2022,17520,4546,0.259474885844749,9136,0.894087493887545,0.922311729634253,0.204559660577557,0.68952783330999,1,-0.04861997931645712,5.388764269406128,14.465422664590813,0.263957248858447,0.06331196289176276,456.51,5.9,5.56585365853658,0.251190476190476,1.45714285714286,0.251190476190476,30.8678571428571,31.1559523809524,1.38920634920635,0.947648861128242,0.4,Grassland,6.756146673512795,-1.3673824041066673,0.27563205095815546,-0.011674802099708448
NOGP,2023,17520,2697,0.153938356164384,9136,1.00753351789442,0.952190882404959,0.189882642108642,0.817650875785782,1,0.0032595032783968884,6.258701484018096,13.292143190874029,0.30473889840182633,0.0560294808058716,456.51,5.9,5.56585365853658,0.251190476190476,1.45714285714286,0.251190476190476,30.8678571428571,31.1559523809524,1.38920634920635,0.947648861128242,0.4,Grassland,6.756146673512795,-0.49744518949469896,0.27563205095815546,0.02910684744367087
NOGP,2024,17568,1302,0.0741120218579235,9136,0.915354237120086,0.941332877734702,0.0512108318899267,0.864143405230158,1,-0.038410803323084455,7.21544000455384,12.502371766561275,0.2939347677595629,0.05755846705798438,456.51,5.9,5.56585365853658,0.251190476190476,1.45714285714286,0.251190476190476,30.8678571428571,31.1559523809524,1.38920634920635,0.947648861128242,0.4,Grassland,6.756146673512795,0.45929333104104497,0.27563205095815546,0.018302716801407437
OAES,2021,17520,854,0.0487442922374429,9422,0.883709043537171,0.867416244869734,0.0578200185420005,0.82588902499517,1,-0.05369070009028243,15.790419520547893,10.737585204536858,0.23309095319634693,0.06929580261835416,778.85,15.5,2.65,0.135897435897436,1.55641025641026,0.135897435897436,19.2410256410256,16.4974358974359,1.42655172413793,0.425468253550966,1.5,Grassland,16.417601679267353,-0.6271821587194601,0.22951924810365049,0.003571705092696442
OAES,2022,17521,4627,0.264083100279664,9422,0.872574067780935,0.912088809963225,0.180688732256927,0.691885335524005,1,-0.05919769755213996,16.127397260274126,12.225758568428251,0.21565542237442945,0.07247617920014197,778.85,15.5,2.65,0.135897435897436,1.55641025641026,0.135897435897436,19.2410256410256,16.4974358974359,1.42655172413793,0.425468253550966,1.5,Grassland,16.417601679267353,-0.2902044189932269,0.22951924810365049,-0.013863825729221041
OAES,2023,17520,2706,0.154452054794521,9422,0.931641373893344,0.917642330075495,0.155314612040384,0.77632676185296,1,-0.03075123236486141,16.463541666666565,10.570030664431396,0.2397245148401826,0.06963365608494591,778.85,15.5,2.65,0.135897435897436,1.55641025641026,0.135897435897436,19.2410256410256,16.4974358974359,1.42655172413793,0.425468253550966,1.5,Grassland,16.417601679267353,0.0459399873992119,0.22951924810365049,0.010205266736532104
OAES,2024,17568,1235,0.0702982695810565,9422,0.922043878660958,0.910901361027685,0.0758814016652315,0.846162476995727,1,-0.03524841057200535,17.289048269580825,10.90845592679554,0.22960610200364295,0.07084170505535795,778.85,15.5,2.65,0.135897435897436,1.55641025641026,0.135897435897436,19.2410256410256,16.4974358974359,1.42655172413793,0.425468253550966,1.5,Grassland,16.417601679267353,0.8714465903134716,0.22951924810365049,8.685389999246729e-5
ONAQ,2021,17520,424,0.0242009132420091,1680,0.13236740047237,0.134756212959666,0.00241865952277073,0.1299487409496,1,-0.8782189567680198,12.171815068493313,11.701024916239696,0.1414713184931512,0.10798839434061495,288.31,9,1.4,0.225,0.7225,0.225,20.305,35.85,1.293125,0.319775537152505,1,Shrubland,11.955099304931792,0.21671576356152045,0.1424478919096366,-9.7657341648541e-4
ONAQ,2022,17520,304,0.017351598173516,1680,0.127864264721043,0.123656934038441,0.00363092750222432,0.124233337218819,1,-0.8932508110220689,11.764691780821973,12.232637380402354,0.12442271689497741,0.10535054568889936,288.31,9,1.4,0.225,0.7225,0.225,20.305,35.85,1.293125,0.319775537152505,1,Shrubland,11.955099304931792,-0.1904075241098191,0.1424478919096366,-0.018025175014659195
ONAQ,2023,17520,643,0.0367009132420091,1680,0.143571449692968,0.142550175373602,2.10377667249032e-4,0.143361072025718,1,-0.842931911341498,10.945542237442789,11.616132834615708,0.16728847031963467,0.12258287061129108,288.31,9,1.4,0.225,0.7225,0.225,20.305,35.85,1.293125,0.319775537152505,1,Shrubland,11.955099304931792,-1.0095570674890038,0.1424478919096366,0.024840578409998065
ONAQ,2024,17568,309,0.0175887978142076,1680,0.13615075231044,0.139399696467203,1.20400962776797e-4,0.136030351347663,1,-0.8659799514032515,12.938348132969097,10.956898302752023,0.13660906193078315,0.11907033781976624,288.31,9,1.4,0.225,0.7225,0.225,20.305,35.85,1.293125,0.319775537152505,1,Shrubland,11.955099304931792,0.9832488280373042,0.1424478919096366,-0.00583882997885346
ORNL,2021,17520,304,0.017351598173516,1459,0.628383556387254,0.628107486671936,0.0140718589350869,0.614311697452168,1,-0.20177518745989625,15.71666381278548,8.934444856706671,0.4249180079908676,0.05690917577885877,1340.32,14.4,16.8493150684932,0.19041095890411,1.97808219178082,0.19041095890411,26.3294117647059,29.9205882352941,1.47533333333333,2.49908057331099,28,Forest,15.769262932526729,-0.05259911974124876,0.42494971418301014,-3.170619214254433e-5
ORNL,2022,17520,427,0.0243721461187215,1459,0.652171795888146,0.655931239579202,0.015312462551785,0.63685933333636,1,-0.18563798615055951,15.464880136986233,9.64706028081425,0.4262897260273973,0.0585880824770595,1340.32,14.4,16.8493150684932,0.19041095890411,1.97808219178082,0.19041095890411,26.3294117647059,29.9205882352941,1.47533333333333,2.49908057331099,28,Forest,15.769262932526729,-0.3043827955404961,0.42494971418301014,0.0013400118443871456
ORNL,2023,17520,431,0.0246004566210046,1459,0.61960340510058,0.612913863640822,0.0235390293134353,0.596064375787145,1,-0.20788620349091297,16.133972602739615,8.161320721355324,0.4242154965753424,0.05536111576757354,1340.32,14.4,16.8493150684932,0.19041095890411,1.97808219178082,0.19041095890411,26.3294117647059,29.9205882352941,1.47533333333333,2.49908057331099,28,Forest,15.769262932526729,0.3647096702128856,0.42494971418301014,-7.342176076677309e-4
ORNL,2024,17568,297,0.016905737704918,1459,0.618088789794296,0.621804916299074,0.00895641594005286,0.609132373854244,1,-0.20894913238346274,15.761535177595585,9.151026495860858,0.4243756261384333,0.06311035203078527,1340.32,14.4,16.8493150684932,0.19041095890411,1.97808219178082,0.19041095890411,26.3294117647059,29.9205882352941,1.47533333333333,2.49908057331099,28,Forest,15.769262932526729,-0.007727754931144304,0.42494971418301014,-5.740880445768148e-4
RMNP,2023,17520,24,0.00136986301369863,42,0.222552966482741,0.21991327187946,0.00284410100607847,0.219708865476663,1,-0.652566610535413,2.6085045662101902,9.925833312689143,0.29614158105022825,0.07198995070787743,730.59,2.9,18.3981818181818,0.12,2.43272727272727,0.12,8.62553191489362,68.0787234042553,1.52166666666667,0.47768733293369,11,Forest,3.053701565891971,-0.4451969996817806,0.2892386525469721,0.006902928503256134
RMNP,2024,17568,18,0.00102459016393443,42,0.218457663138494,0.218763975341489,-2.17387982303201e-4,0.218675051120797,1,-0.6606327143571633,3.498898565573752,9.893521927249322,0.28233572404371604,0.06142530485462605,730.59,2.9,18.3981818181818,0.12,2.43272727272727,0.12,8.62553191489362,68.0787234042553,1.52166666666667,0.47768733293369,11,Forest,3.053701565891971,0.44519699968178106,0.2892386525469721,-0.006902928503256078
SCBI,2021,17520,339,0.0193493150684932,2173,0.457610182823827,0.455056692086393,0.00923358203725201,0.448376600786576,1,-0.33950431915978896,13.456232876712427,9.994593547846064,0.3539286529680367,0.0639289476214137,1125.5,11.6,17.7473684210526,0.175862068965517,2.09080459770115,0.175862068965517,33.0440476190476,17.7071428571429,1.45808823529412,2.4994257118127,30,Forest,13.311605485612043,0.14462739110038392,0.3520184500695537,0.0019102028984830377
SCBI,2022,17520,907,0.0517694063926941,2173,0.456941330585767,0.457707030502043,0.0246848481512403,0.432256482434527,1,-0.34013955705091414,12.546035958904094,10.345516455225775,0.37288176369863024,0.045934957082591044,1125.5,11.6,17.7473684210526,0.175862068965517,2.09080459770115,0.175862068965517,33.0440476190476,17.7071428571429,1.45808823529412,2.4994257118127,30,Forest,13.311605485612043,-0.7655695267079494,0.3520184500695537,0.020863313629076563
SCBI,2023,17520,707,0.0403538812785388,2173,0.397307427245709,0.396435554096034,0.0193761619448358,0.377931265300873,1,-0.4008733150957481,13.786078767123202,9.197211640411396,0.3248984018264839,0.07372474666065787,1125.5,11.6,17.7473684210526,0.175862068965517,2.09080459770115,0.175862068965517,33.0440476190476,17.7071428571429,1.45808823529412,2.4994257118127,30,Forest,13.311605485612043,0.474473281511159,0.3520184500695537,-0.027120048243069794
SCBI,2024,17568,220,0.0125227686703097,2173,0.444286976874886,0.447372815026131,0.00352983162765961,0.440757145247226,1,-0.35233641581598196,13.458074339708448,9.845855715680736,0.3563649817850639,0.07023605152432465,1125.5,11.6,17.7473684210526,0.175862068965517,2.09080459770115,0.175862068965517,33.0440476190476,17.7071428571429,1.45808823529412,2.4994257118127,30,Forest,13.311605485612043,0.14646885409640475,0.3520184500695537,0.0043465317155101935
SERC,2021,17520,328,0.0187214611872146,2081,0.138328409390751,0.139241883234204,0.00267058011870077,0.13565782927205,1,-0.8590886137534179,14.911518264840385,9.113222575468894,0.204126198630137,0.030228843461894715,1074.65,13.6,14.2223684210526,0.144565217391304,0.915217391304348,0.144565217391304,25.1717391304348,52.3728260869565,1.56258426966292,2.02464201879214,37.19,Forest,14.812989286638803,0.09852897820158191,0.21257060738157182,-0.008444408751434818
SERC,2022,17520,893,0.0509703196347032,2081,0.131928531778321,0.129964250600879,0.00691971672692767,0.125008815051394,1,-0.8796612674704283,14.21804509132401,9.472846595595607,0.21169238013698627,0.02611960445090063,1074.65,13.6,14.2223684210526,0.144565217391304,0.915217391304348,0.144565217391304,25.1717391304348,52.3728260869565,1.56258426966292,2.02464201879214,37.19,Forest,14.812989286638803,-0.5949441953147936,0.21257060738157182,-8.782272445855555e-4
SERC,2023,17520,704,0.0401826484018265,2081,0.146953421929309,0.151254199843647,-0.00189680636964383,0.148850228298952,1,-0.8328202936199649,15.13050228310498,8.131440650308198,0.24099854452054822,0.08963439296839816,1074.65,13.6,14.2223684210526,0.144565217391304,0.915217391304348,0.144565217391304,25.1717391304348,52.3728260869565,1.56258426966292,2.02464201879214,37.19,Forest,14.812989286638803,0.31751299646617603,0.21257060738157182,0.0284279371389764
SERC,2024,17568,156,0.00887978142076503,2081,0.115663361275882,0.113883224419033,0.00251417873571687,0.113149182540165,1,-0.9368041871263366,14.991891507285835,8.997634482413373,0.19346530623861577,0.0442319393235113,1074.65,13.6,14.2223684210526,0.144565217391304,0.915217391304348,0.144565217391304,25.1717391304348,52.3728260869565,1.56258426966292,2.02464201879214,37.19,Forest,14.812989286638803,0.1789022206470321,0.21257060738157182,-0.019105301142956055
SJER,2021,17520,232,0.0132420091324201,1857,0.511731929387332,0.516735637514723,0.00238409074462926,0.50934783864270206,1,-0.2909574836368708,17.682420091324175,9.615421690586919,0.17740228310502212,0.09200306438852647,539.62,16.4,3.01714285714286,0.00571428571428571,0.685714285714286,0.00571428571428571,7.34285714285714,79.4028571428571,1.68484848484848,0.747962446688153,12,Forest,17.297835771608376,0.384584319715799,0.19683724133776878,-0.019434958232746657
SJER,2022,17520,849,0.048458904109589,1857,0.487485868874017,0.489563757315171,0.0214849637207641,0.466000905153253,1,-0.31203796811863316,17.736275684931417,10.079680375645221,0.15902391552511458,0.09372834970188544,539.62,16.4,3.01714285714286,0.00571428571428571,0.685714285714286,0.00571428571428571,7.34285714285714,79.4028571428571,1.68484848484848,0.747962446688153,12,Forest,17.297835771608376,0.438439913323041,0.19683724133776878,-0.0378133258126542
SJER,2023,17520,550,0.0313926940639269,1857,0.531329359526306,0.522673394565393,0.0249514428435924,0.506377916682713,1,-0.27463618491418623,16.661832191780952,9.04963215096884,0.22181595319634811,0.1082111805047188,539.62,16.4,3.01714285714286,0.00571428571428571,0.685714285714286,0.00571428571428571,7.34285714285714,79.4028571428571,1.68484848484848,0.747962446688153,12,Forest,17.297835771608376,-0.636003579827424,0.19683724133776878,0.024978711858579333
SJER,2024,17568,226,0.0128642987249545,1857,0.56427460018084,0.565102655827788,0.00705679970320207,0.557217800477639,1,-0.24850949751527726,17.110815118396967,9.205555401451305,0.22910681352459028,0.11056581318148526,539.62,16.4,3.01714285714286,0.00571428571428571,0.685714285714286,0.00571428571428571,7.34285714285714,79.4028571428571,1.68484848484848,0.747962446688153,12,Forest,17.297835771608376,-0.18702065321140893,0.19683724133776878,0.0322695721868215
SOAP,2021,17520,313,0.017865296803653,4131,0.362546947475169,0.364664148668682,0.00374713340303964,0.358799814072129,1,-0.44063574593860677,13.897813926940502,9.445190417667362,0.2704459474885847,0.10656211404312095,900.35,13.4,21.5851063829787,0.340425531914894,2.72553191489362,0.340425531914894,13.8682926829268,63.3487804878049,1.36,1.16416068302891,24.4,Forest,13.456047814987345,0.4417661119531573,0.2847921010648251,-0.014346153576240417
SOAP,2022,17520,1806,0.103082191780822,4131,0.368921720500874,0.363413597498484,0.0387965802617172,0.330125140239157,1,-0.4330657734794922,13.675967465753347,9.69499085535684,0.2777426084474886,0.09900095337381636,900.35,13.4,21.5851063829787,0.340425531914894,2.72553191489362,0.340425531914894,13.8682926829268,63.3487804878049,1.36,1.16416068302891,24.4,Forest,13.456047814987345,0.21991965076600195,0.2847921010648251,-0.007049492617336506
SOAP,2023,17520,1380,0.0787671232876712,4131,0.349882602842006,0.344553534801351,0.0230362006264882,0.326846402215519,1,-0.4560776500956549,12.745844748858586,8.839847565922138,0.2885411529680358,0.10351112385391315,900.35,13.4,21.5851063829787,0.340425531914894,2.72553191489362,0.340425531914894,13.8682926829268,63.3487804878049,1.36,1.16416068302891,24.4,Forest,13.456047814987345,-0.7102030661287593,0.2847921010648251,0.003749051903210676
SOAP,2024,17568,632,0.0359744990892532,4131,0.393053306469681,0.401983857334381,0.00319290784365589,0.389860398626025,1,-0.40554854486648073,13.504565118396945,9.437548722426381,0.30243869535519124,0.10793807771319157,900.35,13.4,21.5851063829787,0.340425531914894,2.72553191489362,0.340425531914894,13.8682926829268,63.3487804878049,1.36,1.16416068302891,24.4,Forest,13.456047814987345,0.04851730340960003,0.2847921010648251,0.017646594290366135
SRER,2021,17520,743,0.0424086757990868,7109,0.2330142209122,0.236059002376747,0.00910075017921146,0.223913470732989,1,-0.6326175712078997,20.72547659817359,8.658140847498489,0.11434954337899553,0.06282893390449676,346,19.3,1.35609756097561,0.025,0.495833333333333,0.025,10.820833333333301,74.1729166666667,1.51297115384615,0.444702824360855,2,Shrubland,20.731417560258983,-0.005940962085393409,0.11622816404593032,-0.0018786206669347966
SRER,2022,17520,3701,0.211244292237443,7109,0.245671711217648,0.234148140783832,0.0694389291121704,0.176232782105478,1,-0.6096448473255467,20.04912956620988,8.99938001437133,0.12470299657534262,0.06000071911620687,346,19.3,1.35609756097561,0.025,0.495833333333333,0.025,10.820833333333301,74.1729166666667,1.51297115384615,0.444702824360855,2,Shrubland,20.731417560258983,-0.6822879940491013,0.11622816404593032,0.008474832529412293
SRER,2023,17520,1142,0.0651826484018265,7109,0.238735396655597,0.240684247517652,0.0129899059495749,0.225745490706022,1,-0.622083182724488,21.031118721461258,9.678632626010744,0.1207921232876715,0.053469603349860714,346,19.3,1.35609756097561,0.025,0.495833333333333,0.025,10.820833333333301,74.1729166666667,1.51297115384615,0.444702824360855,2,Shrubland,20.731417560258983,0.2997011612022753,0.11622816404593032,0.004563959241741175
SRER,2024,17568,1523,0.0866917122040073,7109,0.204104156906039,0.21170575218142,0.0142410094446277,0.189863147461411,1,-0.6901481479676339,21.119945355191195,9.445349667322807,0.10506799294171167,0.053593142133362644,346,19.3,1.35609756097561,0.025,0.495833333333333,0.025,10.820833333333301,74.1729166666667,1.51297115384615,0.444702824360855,2,Shrubland,20.731417560258983,0.38852779493221234,0.11622816404593032,-0.011160171104218658
STEI,2021,17520,127,0.00724885844748858,2148,0.0113650515180501,0.0113574200207389,1.2019977467998e-4,0.0112448517433701,1,-1.9444285530541305,6.998501712328845,12.252138286171828,0.2319523972602739,0.035430116510716134,797.56,4.8,18.325,0.25,2.4375,0.25,5.864,68.7986666666667,1.39363636363636,1.61311471500752,9.5,Forest,6.876566930923613,0.12193478140523162,0.22888294275706764,0.0030694545032062537
STEI,2022,17520,1165,0.0664954337899543,2148,-0.0157880015845479,-0.015795317011279002,-0.00612829161753058,-0.00965970996701747,0,-1.8016728111810827,5.458170662100531,13.149791295809035,0.22435368150684928,0.04367898608181221,797.56,4.8,18.325,0.25,2.4375,0.25,5.864,68.7986666666667,1.39363636363636,1.61311471500752,9.5,Forest,6.876566930923613,-1.4183962688230825,0.22888294275706764,-0.004529261250218353
STEI,2023,17520,573,0.0327054794520548,2148,0.0110960977089323,0.0157065256668104,-0.00598179202535844,0.0170778897342907,1,-1.9548296885106606,7.402939497716844,11.42578336578146,0.23234295091324217,0.06816482553511591,797.56,4.8,18.325,0.25,2.4375,0.25,5.864,68.7986666666667,1.39363636363636,1.61311471500752,9.5,Forest,6.876566930923613,0.5263725667932304,0.22888294275706764,0.003460008156174532
STEI,2024,17568,283,0.0161088342440801,2148,0.0131739313878336,0.0100247984405332,0.00293956455849527,0.0102343668293382,1,-1.8802845698049444,7.646655851548235,10.8413653002243,0.22688274134790518,0.0466385030386308,797.56,4.8,18.325,0.25,2.4375,0.25,5.864,68.7986666666667,1.39363636363636,1.61311471500752,9.5,Forest,6.876566930923613,0.7700889206246213,0.22888294275706764,-0.002000201409162461
STER,2021,17520,728,0.0415525114155251,8427,0.469658826677593,0.455352591206466,0.0348053381001387,0.434853488577454,1,-0.32821751027909857,11.660459474885746,11.950505270496897,0.09911272831050266,0.05088224602260557,432.67,9.7,4.15,0.0755102040816327,0.959183673469388,0.0755102040816327,23.4183673469388,43.8795918367347,1.46295454545455,0.437887662867265,3,Cropland,11.13592349180949,0.524535983076257,0.11517209978213826,-0.016059371471635595
STER,2022,17520,4167,0.237842465753425,8427,0.455976509171083,0.435058180019145,0.114269806874094,0.34170670229699,1,-0.3410575296290791,11.18694063926921,12.814007001904091,0.07828767123287679,0.04256773788621879,432.67,9.7,4.15,0.0755102040816327,0.959183673469388,0.0755102040816327,23.4183673469388,43.8795918367347,1.46295454545455,0.437887662867265,3,Cropland,11.13592349180949,0.051017147459720746,0.11517209978213826,-0.036884428549261467
STER,2023,17521,1364,0.0778494378174762,8427,0.488469994123128,0.485483451696548,0.0413295018925779,0.44714049223055,1,-0.31116210820450946,10.424800228310575,11.269969494862776,0.15623076484018286,0.06106513265576342,432.67,9.7,4.15,0.0755102040816327,0.959183673469388,0.0755102040816327,23.4183673469388,43.8795918367347,1.46295454545455,0.437887662867265,3,Cropland,11.13592349180949,-0.711123263498914,0.11517209978213826,0.041058665058044605
STER,2024,17568,2168,0.123406193078324,8427,0.432177269614527,0.469130913469645,0.0205474305105007,0.411629839104026,1,-0.3643380775875793,11.271493624772422,10.972329337965236,0.1270572347449907,0.05197983520093785,432.67,9.7,4.15,0.0755102040816327,0.959183673469388,0.0755102040816327,23.4183673469388,43.8795918367347,1.46295454545455,0.437887662867265,3,Cropland,11.13592349180949,0.13557013296293263,0.11517209978213826,0.011885134962852442
TALL,2021,17520,305,0.0174086757990868,2167,0.575473877186608,0.561450790889237,0.0203219446475613,0.555151932539047,1,-0.2399743850087936,18.060379566209992,8.24306470668856,0.4422282248858447,0.04840413585976998,1382.68,17.2,9.31153846153846,0.0326923076923077,0.780769230769231,0.0326923076923077,13.7894230769231,67.5086538461538,1.571,1.08305146812169,25,Forest,18.482878457017115,-0.4224988908071232,0.4180572797949885,0.024170945090856155
TALL,2022,17520,1113,0.063527397260274,2167,0.579994745383354,0.596599327849181,0.0115243650800771,0.568470380303277,1,-0.236575940276809,18.237254566209877,9.176039060760633,0.4186082762557079,0.059954779227800625,1382.68,17.2,9.31153846153846,0.0326923076923077,0.780769230769231,0.0326923076923077,13.7894230769231,67.5086538461538,1.571,1.08305146812169,25,Forest,18.482878457017115,-0.2456238908072379,0.4180572797949885,5.509964607193774e-4
TALL,2023,17520,308,0.0175799086757991,2167,0.56830887241412,0.56770823535434,0.0100104766410521,0.558298395773066,1,-0.2454155629510418,19.107260273972727,8.173671154175658,0.39812528538812814,0.07411937592933421,1382.68,17.2,9.31153846153846,0.0326923076923077,0.780769230769231,0.0326923076923077,13.7894230769231,67.5086538461538,1.571,1.08305146812169,25,Forest,18.482878457017115,0.6243818169556121,0.4180572797949885,-0.019931994406860387
TALL,2024,17568,441,0.0251024590163934,2167,0.573609153876421,0.573322800767383,0.0134296814135741,0.560179472462847,1,-0.24138392588875016,18.52661942167587,8.72613741144934,0.4132673326502734,0.06509182781139847,1382.68,17.2,9.31153846153846,0.0326923076923077,0.780769230769231,0.0326923076923077,13.7894230769231,67.5086538461538,1.571,1.08305146812169,25,Forest,18.482878457017115,0.0437409646587561,0.4180572797949885,-0.004789947144715145
TREE,2021,17520,275,0.0156963470319635,1474,0.451043396158698,0.453228788382324,0.00560754480431755,0.44543585135438,1,-0.3457816704505666,6.998501712328845,12.252138286171828,0.2319523972602739,0.035430116510716134,797.56,4.8,22.0183333333333,0.366666666666667,3.01166666666667,0.366666666666667,3.19038461538462,84.3769230769231,1.51297115384615,1.02028354835506,24,Forest,6.876566930923613,0.12193478140523162,0.22888294275706764,0.0030694545032062537
TREE,2022,17520,913,0.0521118721461187,1474,0.434875250245531,0.426076051350307,0.0208682663729499,0.414006983872581,1,-0.3616353073342858,5.458170662100531,13.149791295809035,0.22435368150684928,0.04367898608181221,797.56,4.8,22.0183333333333,0.366666666666667,3.01166666666667,0.366666666666667,3.19038461538462,84.3769230769231,1.51297115384615,1.02028354835506,24,Forest,6.876566930923613,-1.4183962688230825,0.22888294275706764,-0.004529261250218353
TREE,2023,17520,207,0.0118150684931507,1474,0.453930851043743,0.457577894028395,9.89298685216048e-4,0.452941552358527,1,-0.34301029882356154,7.402939497716844,11.42578336578146,0.23234295091324217,0.06816482553511591,797.56,4.8,22.0183333333333,0.366666666666667,3.01166666666667,0.366666666666667,3.19038461538462,84.3769230769231,1.51297115384615,1.02028354835506,24,Forest,6.876566930923613,0.5263725667932304,0.22888294275706764,0.003460008156174532
TREE,2024,17568,79,0.00449681238615665,1474,0.451349462027177,0.453106773290777,6.61735639844016e-4,0.450687726387333,1,-0.3454870698863533,7.646655851548235,10.8413653002243,0.22688274134790518,0.0466385030386308,797.56,4.8,22.0183333333333,0.366666666666667,3.01166666666667,0.366666666666667,3.19038461538462,84.3769230769231,1.51297115384615,1.02028354835506,24,Forest,6.876566930923613,0.7700889206246213,0.22888294275706764,-0.002000201409162461
UKFS,2022,17520,561,0.0320205479452055,1558,-0.240756127690749,-0.245732731571715,-3.22808039829256e-4,-0.24043331965092,0,-0.6184226486574436,12.864728881278523,12.212788110447454,0.31486840753424655,0.05432404751538413,990.63,12.7,20.5307692307692,0.130985915492958,2.11267605633803,0.130985915492958,43.7098591549296,7.48732394366197,1.71173913043478,2.33084356361247,18,Forest,13.670888375813975,-0.8061594945354518,0.3138948562038908,9.735513303557597e-4
UKFS,2023,17520,589,0.0336187214611872,1558,-0.251141114930897,-0.259506321622307,0.00160300328646139,-0.252744118217358,0,-0.6000821803172163,13.948832762556991,10.642509616552337,0.3184128710045661,0.06017640138374285,990.63,12.7,20.5307692307692,0.130985915492958,2.11267605633803,0.130985915492958,43.7098591549296,7.48732394366197,1.71173913043478,2.33084356361247,18,Forest,13.670888375813975,0.277944386743016,0.3138948562038908,0.0045180148006753185
UKFS,2024,17568,408,0.023224043715847,1558,-0.286525068155828,-0.26847045937889,-0.0219730747853326,-0.264551993370496,0,-0.5428373739767358,14.19910348360641,10.905129460232029,0.30840329007285977,0.06856688069417005,990.63,12.7,20.5307692307692,0.130985915492958,2.11267605633803,0.130985915492958,43.7098591549296,7.48732394366197,1.71173913043478,2.33084356361247,18,Forest,13.670888375813975,0.528215107792434,0.3138948562038908,-0.005491566131031023
UNDE,2021,17520,264,0.0150684931506849,1028,0.312752259085878,0.31446165259181,0.00358878753899207,0.309163471546886,1,-0.5047995432195819,6.0252311643833565,11.971927890987786,0.23975185502283108,0.031916244545515726,802.3,4.3,46.7173913043478,0.642028985507246,4.91594202898551,0.642028985507246,5.10566037735849,63.8830188679245,1.7825,2.30936065569582,23,Forest,5.813820914271177,0.21141025011217973,0.23266550967512545,0.007086345347705636
UNDE,2022,17520,402,0.0229452054794521,1028,0.286706326252828,0.284684722211746,0.00581429895121349,0.280892027301615,1,-0.5425627226075186,4.466595319634546,12.804844987878035,0.23121244292237453,0.037159876222941396,802.3,4.3,46.7173913043478,0.642028985507246,4.91594202898551,0.642028985507246,5.10566037735849,63.8830188679245,1.7825,2.30936065569582,23,Forest,5.813820914271177,-1.3472255946366305,0.23266550967512545,-0.00145306675275092
UNDE,2023,17520,250,0.0142694063926941,1028,0.309858297123504,0.311190134767339,0.00158664877112182,0.308271648352383,1,-0.5088368687865581,6.209700342465805,10.942141355421272,0.22516478310502286,0.05073730189847788,802.3,4.3,46.7173913043478,0.642028985507246,4.91594202898551,0.642028985507246,5.10566037735849,63.8830188679245,1.7825,2.30936065569582,23,Forest,5.813820914271177,0.39587942819462807,0.23266550967512545,-0.007500726570102589
UNDE,2024,17568,112,0.0063752276867031,1028,0.31330342119774,0.311796600251177,0.00356149764720067,0.309741923550539,1,-0.5040348613153028,6.5537568306009995,10.712602529999003,0.23453295765027327,0.03490872053143959,802.3,4.3,46.7173913043478,0.642028985507246,4.91594202898551,0.642028985507246,5.10566037735849,63.8830188679245,1.7825,2.30936065569582,23,Forest,5.813820914271177,0.7399359163298227,0.23266550967512545,0.001867447975147818
WOOD,2021,17521,1741,0.0993664745162947,9802,0.222440544468196,0.222069387039089,0.027526460560954098,0.194914083907242,1,-0.6527860486178979,6.609614726027185,13.863070497138034,0.25983952625570766,0.06105291866634509,493.76,4.9,6.84545454545455,1.66323529411765,3.40441176470588,1.66323529411765,29.7940298507463,35.8417910447761,1.50625,0.817542376858546,0.5,Grassland,5.348298954200492,1.261315771826693,0.28425075953399087,-0.024411233278283206
WOOD,2022,17520,3017,0.172203196347032,9802,0.178338465822499,0.176357179919447,0.0284277504860367,0.149910715336462,1,-0.7487549713119115,3.527594178081993,14.986759938785642,0.272039526255708,0.06394910570302106,493.76,4.9,6.84545454545455,1.66323529411765,3.40441176470588,1.66323529411765,29.7940298507463,35.8417910447761,1.50625,0.817542376858546,0.5,Grassland,5.348298954200492,-1.820704776118499,0.28425075953399087,-0.012211233278282885
WOOD,2023,17520,2947,0.168207762557078,9802,0.218814837717822,0.224169385051156,0.0216518296514451,0.197163008066377,1,-0.6599232300773903,5.12246004566198,13.458045159173741,0.28734748858447473,0.05394530122503005,493.76,4.9,6.84545454545455,1.66323529411765,3.40441176470588,1.66323529411765,29.7940298507463,35.8417910447761,1.50625,0.817542376858546,0.5,Grassland,5.348298954200492,-0.22583890853851152,0.28425075953399087,0.0030967290504838596
WOOD,2024,17568,2097,0.119364754098361,9802,0.220702854640042,0.218335431519601,0.0272919152982617,0.19341093934178,1,-0.656192047533002,6.133526867030808,12.476098655662076,0.31777649704007305,0.04749219430288932,493.76,4.9,6.84545454545455,1.66323529411765,3.40441176470588,1.66323529411765,29.7940298507463,35.8417910447761,1.50625,0.817542376858546,0.5,Grassland,5.348298954200492,0.7852279128303161,0.28425075953399087,0.033525737506082176
WREF,2021,17520,20,0.00114155251141553,312,0.374182152342817,0.376125871808312,-0.00191332362178703,0.376095475964604,1,-0.426916930063073,11.099934360730616,8.20066053643788,0.3155271689497715,0.1008384777734563,2225.01,9.2,49.7019230769231,0.467307692307692,3.06923076923077,0.467307692307692,11.8717948717949,52.7153846153846,0.998,1.02028354835506,53,Forest,10.987605581911067,0.11232877881954906,0.3188978532340867,-0.003370684284315195
WREF,2022,17520,145,0.00827625570776256,312,0.379138079685107,0.378151283915012,0.00439253421337684,0.374745545471731,1,-0.4212025927805555,10.8693122146118,8.672635143470854,0.3187616438356163,0.10805516201906801,2225.01,9.2,49.7019230769231,0.467307692307692,3.06923076923077,0.467307692307692,11.8717948717949,52.7153846153846,0.998,1.02028354835506,53,Forest,10.987605581911067,-0.11829336729926787,0.3188978532340867,-1.3620939847042157e-4
WREF,2023,17520,74,0.00422374429223744,312,0.371019200942451,0.36802463126173,0.00421899787296599,0.366800203069485,1,-0.43060361307539574,11.142617009132435,8.23228769404698,0.31127248858447454,0.10771652492787048,2225.01,9.2,49.7019230769231,0.467307692307692,3.06923076923077,0.467307692307692,11.8717948717949,52.7153846153846,0.998,1.02028354835506,53,Forest,10.987605581911067,0.15501142722136763,0.3188978532340867,-0.007625364649612165
WREF,2024,17568,73,0.00415528233151184,312,0.380046188098556,0.381805399794983,5.11730054559025e-4,0.379534458043997,1,-0.4201636179842512,10.83855874316942,7.92687616656669,0.33003011156648454,0.09005712549546764,2225.01,9.2,49.7019230769231,0.467307692307692,3.06923076923077,0.467307692307692,11.8717948717949,52.7153846153846,0.998,1.02028354835506,53,Forest,10.987605581911067,-0.14904683874164704,0.3188978532340867,0.011132258332397837
YELL,2021,17520,217,0.0123858447488584,1388,0.445016556073596,0.445504083949567,0.00536882151060455,0.439647734562992,1,-0.3516238305652893,3.3834817351597604,10.608982622236022,0.31219363584474874,0.04772399296539033,493.44,3.4,12.3777777777778,0.89047619047619,2.32619047619048,0.89047619047619,15.3675,50.9725,1.42545454545455,0.577602406994865,16,Forest,3.0437504444568844,0.339731290702876,0.31864597575448506,-0.0064523399097363154
YELL,2022,17520,476,0.0271689497716895,1388,0.40986536796511,0.417068791788237,0.0069012806738372396,0.402964087291273,1,-0.3873587752739661,2.2509902968035376,11.537112577497714,0.31942745433789943,0.04865614529118428,493.44,3.4,12.3777777777778,0.89047619047619,2.32619047619048,0.89047619047619,15.3675,50.9725,1.42545454545455,0.577602406994865,16,Forest,3.0437504444568844,-0.7927601476533468,0.31864597575448506,7.814785834143745e-4
YELL,2023,17520,111,0.00633561643835616,1388,0.42853714843771,0.431278124746386,-2.67827043525784e-4,0.428804975481235,1,-0.368011523573987,2.7713869863012706,10.759702169726753,0.3307228310502283,0.04264320087057969,493.44,3.4,12.3777777777778,0.89047619047619,2.32619047619048,0.89047619047619,15.3675,50.9725,1.42545454545455,0.577602406994865,16,Forest,3.0437504444568844,-0.2723634581556138,0.31864597575448506,0.01207685529574326
YELL,2024,17568,584,0.0332422586520947,1388,0.462355230849833,0.450562818147507,0.0239206303752808,0.438434600474554,1,-0.3350242236831758,3.7691427595629685,10.353812070525281,0.31223998178506374,0.047717538663955006,493.44,3.4,12.3777777777778,0.89047619047619,2.32619047619048,0.89047619047619,15.3675,50.9725,1.42545454545455,0.577602406994865,16,Forest,3.0437504444568844,0.7253923151060842,0.31864597575448506,-0.00640599396942132
